,Disruption_Risk_Score,Predicted_Risk_Score,Risk_Category,Ethical_Compliance_Score,Ethical_Category
0,26.800000000000004,26.967485153120904,Medium,68.55,Fair
1,18.9,18.814976048472037,Low,71.35000000000001,Good
2,19.65,19.190017282653518,Low,66.95,Fair
3,46.650000000000006,46.34072120211702,Medium,64.2,Fair
4,19.049999999999997,19.01122466472487,Low,67.8,Fair
5,41.35,41.84138507958523,Medium,69.85,Fair
6,9.849999999999998,9.751849358513311,Low,71.8,Good
7,10.650000000000002,10.777746925158485,Low,69.6,Fair
8,48.45,48.3575895026822,Medium,87.45,Excellent
9,17.15,16.475498687065354,Low,61.85000000000001,Fair
10,23.3,23.071270245369355,Low,92.75,Excellent
11,31.9,31.299736284160755,Medium,75.85000000000001,Good
12,28.35,28.408591871886276,Medium,68.10000000000001,Fair
13,48.0,48.19431769764436,Medium,68.1,Fair
14,20.5,20.51814273374973,Low,58.650000000000006,Fair
15,31.6,31.829418407500636,Medium,59.5,Fair
16,48.9,48.694792976112346,Medium,74.8,Good
17,38.85,38.44005597668181,Medium,76.05,Good
18,48.7,48.77707195043014,Medium,72.75,Good
19,26.300000000000004,26.805322661489477,Medium,80.15,Good
20,23.5,23.341903286338667,Low,84.25,Good
21,22.4,22.863154364851283,Low,81.85,Good
22,37.8,37.8223321000106,Medium,78.65,Good
23,30.3,29.64202434594611,Medium,75.14999999999999,Good
24,18.95,18.939197967881203,Low,66.95,Fair
25,18.6,18.58447191195485,Low,60.5,Fair
26,25.450000000000003,25.313961193379754,Medium,85.75,Excellent
27,42.3,42.04573363795816,Medium,80.15,Good
28,18.35,18.531600535532036,Low,84.85000000000001,Good
29,27.85,26.714283742785113,Medium,72.10000000000001,Good
30,13.849999999999998,14.247430522963999,Low,78.55000000000001,Good
31,23.65,23.826830253032334,Low,60.75000000000001,Fair
32,32.05,31.70091852576084,Medium,59.3,Fair
33,19.3,19.732291966170845,Low,71.75,Good
34,45.95,45.915167459040674,Medium,66.85,Fair
35,41.8,41.62523987037553,Medium,77.3,Good
36,32.95,33.400167666072456,Medium,87.95,Excellent
37,14.5,14.587760774639783,Low,51.4,Fair
38,34.25,34.287418960594636,Medium,77.64999999999999,Good
39,41.3,41.64713629915674,Medium,82.9,Good
40,37.099999999999994,37.02401062394904,Medium,82.1,Good
41,13.75,14.079106710669087,Low,69.25000000000001,Fair
42,28.4,28.187027614446812,Medium,71.5,Good
43,38.15,38.49013283379821,Medium,82.9,Good
44,23.45,23.91119510502164,Low,83.24999999999999,Good
45,16.85,16.8584644291495,Low,62.050000000000004,Fair
46,11.9,11.902994668442773,Low,77.5,Good
47,43.55,44.110837089953904,Medium,80.15,Good
48,28.9,28.929785999980883,Medium,59.95,Fair
49,27.35,27.573575096694526,Medium,77.60000000000001,Good
50,24.400000000000002,24.83987262745415,Low,77.90000000000002,Good
51,18.8,18.51745158230333,Low,66.75,Fair
52,31.45,31.746094140171387,Medium,64.64999999999999,Fair
53,31.5,31.403837910643954,Medium,71.85,Good
54,45.5,45.054734110486336,Medium,74.6,Good
55,10.3,10.024873357332208,Low,57.05,Fair
56,24.75,25.02871336751682,Low,67.2,Fair
57,37.65,37.31988094156765,Medium,94.95,Excellent
58,45.95,45.61092172398012,Medium,76.25,Good
59,38.15,38.323915443217395,Medium,70.05,Good
60,15.850000000000001,15.780339134260183,Low,73.2,Good
61,13.599999999999998,13.886636249961455,Low,69.15,Fair
62,19.5,19.67500271719957,Low,82.65,Good
63,19.55,19.473386792748876,Low,54.89999999999999,Fair
64,25.1,24.91449638224166,Medium,81.6,Good
65,13.649999999999999,13.643123226696186,Low,77.40000000000002,Good
66,27.8,26.91918241226692,Medium,75.85,Good
67,15.75,15.460267471867915,Low,70.55,Good
68,48.85,48.972173899324076,Medium,72.9,Good
69,29.6,28.775109225465506,Medium,76.9,Good
70,19.3,20.039215843153638,Low,61.4,Fair
71,33.75,32.791462980615165,Medium,79.60000000000001,Good
72,33.8,33.38425927264066,Medium,63.90000000000001,Fair
73,36.65,36.45589294397251,Medium,68.19999999999999,Fair
74,36.2,36.703121991765265,Medium,70.95,Good
75,13.649999999999999,13.548174035682113,Low,57.45,Fair
76,31.5,32.593014751348214,Medium,72.55,Good
77,24.3,23.808109347438602,Low,84.3,Good
78,34.849999999999994,33.93106625436697,Medium,64.0,Fair
79,27.050000000000004,26.310994891842643,Medium,73.75,Good
80,32.65,32.78714804514071,Medium,53.29999999999999,Fair
81,11.75,12.077149455010568,Low,86.7,Excellent
82,21.8,21.640023749387215,Low,70.05000000000001,Good
83,31.25,30.890096892535254,Medium,77.55000000000001,Good
84,26.1,26.035019626843933,Medium,72.64999999999999,Good
85,42.0,42.02915185663719,Medium,76.1,Good
86,19.05,18.920269188183052,Low,71.39999999999999,Good
87,16.75,16.76972936576007,Low,81.05000000000001,Good
88,31.949999999999996,32.113285092805626,Medium,74.6,Good
89,10.25,10.239514899887388,Low,65.95,Fair
90,30.700000000000003,30.70045832497163,Medium,74.35000000000001,Good
91,35.6,35.80382401788769,Medium,52.5,Fair
92,16.2,16.155476832669574,Low,79.10000000000001,Good
93,28.25,28.14596677257785,Medium,74.5,Good
94,39.45,39.820949674742536,Medium,75.44999999999999,Good
95,29.1,29.154151397217195,Medium,69.10000000000001,Fair
96,26.450000000000003,26.503849981099073,Medium,85.99999999999999,Excellent
97,33.55,33.41890219193748,Medium,80.9,Good
98,21.299999999999997,20.55714303066182,Low,66.95,Fair
99,34.5,34.027416494220724,Medium,59.599999999999994,Fair
100,44.6,44.228188385933976,Medium,64.2,Fair
101,47.550000000000004,47.69492196537236,Medium,78.45,Good
102,44.8,44.61390813293318,Medium,56.10000000000001,Fair
103,21.05,21.279439247754073,Low,69.19999999999999,Fair
104,42.150000000000006,42.2190133638856,Medium,80.65,Good
105,21.4,21.956777734415247,Low,80.10000000000001,Good
106,24.6,23.859003314408447,Low,70.45,Good
107,16.0,15.681204216383657,Low,67.95000000000002,Fair
108,21.099999999999998,21.336525496351094,Low,72.29999999999998,Good
109,26.150000000000002,25.69173956640875,Medium,62.74999999999999,Fair
110,14.2,14.387276086559948,Low,89.64999999999999,Excellent
111,30.3,31.84707085795745,Medium,81.35000000000001,Good
112,15.600000000000001,15.645947886249266,Low,68.05,Fair
113,42.15,42.59407512844317,Medium,91.55000000000001,Excellent
114,13.649999999999999,13.658697348181159,Low,86.25,Excellent
115,5.600000000000001,6.524983065262201,Low,75.35000000000001,Good
116,36.949999999999996,37.29298149102844,Medium,70.85000000000001,Good
117,24.9,24.719499984137563,Low,76.7,Good
118,28.6,28.77312870643288,Medium,76.35,Good
119,40.95,41.35751782505051,Medium,61.4,Fair
120,42.7,42.62960416369338,Medium,51.849999999999994,Fair
121,25.4,25.603889936479753,Medium,71.55,Good
122,48.1,48.04113694961079,Medium,80.8,Good
123,38.55,38.66141812332258,Medium,87.64999999999999,Excellent
124,17.450000000000003,17.720744420257258,Low,78.7,Good
125,18.05,18.00164546588834,Low,96.55,Excellent
126,29.85,29.809792015783515,Medium,65.55,Fair
127,36.5,36.25097213708003,Medium,80.25,Good
128,40.7,40.907704798886044,Medium,66.25,Fair
129,28.7,28.554896147850233,Medium,70.74999999999999,Good
130,34.9,35.12900001561882,Medium,79.05,Good
131,41.3,41.52287924713121,Medium,68.0,Fair
132,15.95,15.809618622692827,Low,80.35,Good
133,35.900000000000006,35.91789860807642,Medium,63.1,Fair
134,27.1,27.481674463805856,Medium,78.75000000000001,Good
135,8.150000000000002,8.188835229494684,Low,75.44999999999999,Good
136,41.75,42.3353496078165,Medium,76.85000000000001,Good
137,28.95,29.00317241315647,Medium,55.00000000000001,Fair
138,34.65,34.63640331738018,Medium,83.7,Good
139,17.75,17.90506545044094,Low,80.3,Good
140,38.05,38.71578575250172,Medium,75.0,Good
141,44.15,43.21926004639648,Medium,76.2,Good
142,28.95,28.789608407486494,Medium,73.65,Good
143,26.95,26.74446179885103,Medium,73.75,Good
144,39.75,39.8447956723708,Medium,74.15,Good
145,11.9,11.970408544691253,Low,57.699999999999996,Fair
146,14.25,14.220255525448986,Low,62.050000000000004,Fair
147,41.8,41.88915939069558,Medium,83.15,Good
148,21.5,21.413858039194025,Low,80.0,Good
149,22.85,22.221637392811324,Low,79.05,Good
150,42.05,41.70843697236999,Medium,55.95,Fair
151,6.5,6.425021489437084,Low,60.75000000000001,Fair
152,28.5,29.213575725176607,Medium,66.89999999999999,Fair
153,33.05,32.96637015409804,Medium,68.3,Fair
154,38.5,38.21216400081071,Medium,84.80000000000001,Good
155,25.550000000000004,25.53300275675647,Medium,72.64999999999999,Good
156,17.450000000000003,17.372569303254913,Low,72.5,Good
157,42.5,42.28790494369855,Medium,72.9,Good
158,17.05,17.45149695059652,Low,62.1,Fair
159,25.75,25.86047690860139,Medium,73.70000000000002,Good
160,24.5,24.715271051742093,Low,83.8,Good
161,30.5,30.11364732355978,Medium,62.8,Fair
162,12.0,11.60521151776333,Low,75.15,Good
163,22.549999999999997,22.846891474253862,Low,73.05,Good
164,28.2,27.789517564157958,Medium,80.85,Good
165,25.85,25.92300699692841,Medium,60.699999999999996,Fair
166,16.45,16.639746489588195,Low,76.75,Good
167,37.75,37.27851427410503,Medium,84.65,Good
168,41.2,40.42040391186816,Medium,84.39999999999999,Good
169,28.65,28.943199334808394,Medium,69.35,Fair
170,20.25,20.541262383278305,Low,62.55,Fair
171,35.150000000000006,35.199688842612346,Medium,87.35000000000001,Excellent
172,38.849999999999994,38.95934304754898,Medium,73.2,Good
173,21.599999999999998,20.375444199300933,Low,86.25,Excellent
174,41.9,41.46927223104893,Medium,63.05,Fair
175,15.000000000000002,15.04609631472535,Low,62.3,Fair
176,34.5,34.20980701161224,Medium,82.95,Good
177,30.2,30.387341526872895,Medium,62.150000000000006,Fair
178,34.0,34.283146707282754,Medium,81.8,Good
179,10.249999999999998,10.646278495830042,Low,86.8,Excellent
180,22.0,21.871313794524315,Low,54.79999999999999,Fair
181,33.3,32.95581419178425,Medium,75.0,Good
182,19.199999999999996,19.37448860338331,Low,65.05000000000001,Fair
183,17.549999999999997,17.61262048138297,Low,64.3,Fair
184,25.35,25.65875331730184,Medium,74.50000000000001,Good
185,7.499999999999998,8.358646807509825,Low,78.10000000000001,Good
186,30.200000000000003,29.747094831723565,Medium,65.2,Fair
187,10.299999999999997,10.430053686027815,Low,74.85,Good
188,36.050000000000004,35.92746462177663,Medium,80.15,Good
189,49.5,49.60094954290528,Medium,60.099999999999994,Fair
190,25.15,25.527789954269224,Medium,81.95,Good
191,35.95,36.34817578250229,Medium,83.6,Good
192,41.35,41.35061091721934,Medium,71.6,Good
193,7.750000000000001,7.926353572006458,Low,80.0,Good
194,22.5,22.828115673456224,Low,69.1,Fair
195,40.25,40.22101424720912,Medium,75.2,Good
196,33.0,32.99484403195636,Medium,79.35,Good
197,37.75,38.17699228751587,Medium,61.3,Fair
198,21.25,21.032518759130927,Low,75.75,Good
199,21.7,22.034916726800343,Low,74.4,Good
200,25.000000000000004,24.668944323038634,Medium,62.7,Fair
201,25.75,25.759883878012598,Medium,73.05,Good
202,32.1,32.22590746487703,Medium,79.55,Good
203,28.950000000000003,29.243127336836544,Medium,70.55,Good
204,12.749999999999998,13.093939660430145,Low,86.0,Excellent
205,30.300000000000004,30.26200672017874,Medium,64.3,Fair
206,23.45,23.237107179058526,Low,73.44999999999999,Good
207,33.150000000000006,32.884590644916656,Medium,73.1,Good
208,5.549999999999999,5.715285280065231,Low,78.3,Good
209,20.65,20.355900306491137,Low,76.95,Good
210,38.400000000000006,37.92564097839561,Medium,61.050000000000004,Fair
211,33.75,33.57882023133316,Medium,76.0,Good
212,27.0,26.69178705940355,Medium,79.55,Good
213,16.85,16.387775724239376,Low,74.14999999999999,Good
214,28.700000000000003,29.041237379562205,Medium,63.849999999999994,Fair
215,32.0,31.747356922322687,Medium,79.85000000000001,Good
216,22.2,22.52455464307445,Low,72.39999999999999,Good
217,36.5,36.291204544513405,Medium,81.4,Good
218,34.0,34.04546131011832,Medium,62.25000000000001,Fair
219,21.6,21.82938250111109,Low,60.74999999999999,Fair
220,40.5,40.75925918477799,Medium,77.75,Good
221,34.15,33.25958401613007,Medium,78.05,Good
222,13.150000000000002,12.68577130407366,Low,73.05,Good
223,50.15,50.19087236201188,High,88.15,Excellent
224,40.2,40.137971403432,Medium,89.1,Excellent
225,21.05,20.98221119571495,Low,71.75,Good
226,27.9,27.979820938649706,Medium,66.14999999999999,Fair
227,30.299999999999997,29.793279996665127,Medium,77.9,Good
228,30.0,29.52390955828294,Medium,73.8,Good
229,10.350000000000001,10.044005662101373,Low,76.8,Good
230,23.75,23.46596706644327,Low,65.89999999999999,Fair
231,14.900000000000002,14.850718002191485,Low,75.25,Good
232,40.95,40.78658185853826,Medium,68.55,Fair
233,32.45,30.46517630594418,Medium,70.30000000000001,Good
234,31.25,30.540999739374893,Medium,72.05,Good
235,15.699999999999998,15.562203080231885,Low,75.5,Good
236,28.700000000000003,28.74539776354245,Medium,71.4,Good
237,38.55,39.12682927809888,Medium,76.75,Good
238,30.1,29.70236762127338,Medium,71.39999999999999,Good
239,29.299999999999997,30.924769766936915,Medium,76.5,Good
240,29.650000000000002,28.420129079142157,Medium,73.65,Good
241,18.8,19.137910214139687,Low,73.7,Good
242,29.7,29.588350412795585,Medium,79.4,Good
243,2.5500000000000003,2.67882992558752,Low,75.44999999999999,Good
244,31.1,29.974618319141513,Medium,78.25,Good
245,20.5,20.22906569625346,Low,77.2,Good
246,39.2,39.43293589004228,Medium,79.69999999999999,Good
247,15.950000000000001,16.01980816731179,Low,74.8,Good
248,26.55,26.57455050189662,Medium,57.15,Fair
249,45.45,45.67283124462337,Medium,90.25000000000001,Excellent
250,16.7,16.002726824758717,Low,57.699999999999996,Fair
251,12.55,13.180296198041752,Low,65.95,Fair
252,21.800000000000004,22.05935148282867,Low,89.7,Excellent
253,18.05,18.13466429916833,Low,64.95,Fair
254,48.8,48.04344062106442,Medium,72.95,Good
255,17.55,17.578565353497414,Low,76.2,Good
256,25.65,25.4112362193916,Medium,75.7,Good
257,12.499999999999998,12.364038093059953,Low,74.95,Good
258,43.95,44.121454677411876,Medium,73.14999999999999,Good
259,38.7,38.45959847561169,Medium,83.94999999999999,Good
260,43.150000000000006,43.06561138194881,Medium,77.35000000000001,Good
261,18.65,19.37515530362545,Low,82.85,Good
262,20.599999999999998,20.289406628504153,Low,67.45,Fair
263,14.05,14.049214335453467,Low,81.55000000000001,Good
264,48.15,48.03116005087518,Medium,69.69999999999999,Fair
265,4.550000000000001,4.686674075048737,Low,76.15,Good
266,23.3,23.21587387144229,Low,68.89999999999999,Fair
267,46.5,46.69850104436551,Medium,80.75,Good
268,38.4,38.20684652986072,Medium,90.9,Excellent
269,34.15,34.04530084154375,Medium,60.099999999999994,Fair
270,41.25,40.74611351872487,Medium,76.95,Good
271,37.5,38.09991349314114,Medium,73.45,Good
272,38.05,38.11487645509328,Medium,75.85,Good
273,24.05,24.161514736588526,Low,74.15,Good
274,41.25,41.597665055637364,Medium,72.45,Good
275,46.900000000000006,46.25134065508212,Medium,69.35,Fair
276,34.45,34.79641391341071,Medium,79.85,Good
277,32.3,32.425283950803205,Medium,87.75,Excellent
278,45.400000000000006,45.33083329486215,Medium,76.44999999999999,Good
279,11.15,11.89939354333034,Low,66.0,Fair
280,14.250000000000002,14.04319668796373,Low,77.25,Good
281,19.3,19.49442870338766,Low,72.80000000000001,Good
282,33.5,33.34714638992893,Medium,82.55,Good
283,12.450000000000003,12.45836631663691,Low,67.39999999999999,Fair
284,16.75,16.637257752556206,Low,80.60000000000001,Good
285,23.6,23.360863115770712,Low,83.5,Good
286,14.9,14.927320012378976,Low,60.95,Fair
287,28.5,28.89160018348809,Medium,74.1,Good
288,30.05,30.31031671292072,Medium,71.9,Good
289,19.700000000000003,20.671484802558773,Low,50.85000000000001,Fair
290,32.7,32.59515922455667,Medium,91.60000000000001,Excellent
291,30.450000000000003,29.171307396852814,Medium,67.7,Fair
292,51.2,51.13493221236726,High,77.15,Good
293,43.8,44.13376177587585,Medium,62.64999999999999,Fair
294,39.5,39.59454854272219,Medium,59.699999999999996,Fair
295,30.45,30.14268246649916,Medium,63.79999999999999,Fair
296,19.15,18.869318250784683,Low,66.10000000000001,Fair
297,45.35,45.21812114649895,Medium,64.35,Fair
298,13.65,14.084862291013264,Low,77.55,Good
299,28.800000000000004,28.77348283257025,Medium,76.39999999999999,Good
300,13.450000000000003,13.643356411350648,Low,77.25000000000001,Good
301,33.65,34.02093767017028,Medium,79.39999999999999,Good
302,33.85,33.62220332675794,Medium,74.35000000000001,Good
303,41.25,40.80794634761271,Medium,73.55,Good
304,39.300000000000004,39.358888829480485,Medium,71.7,Good
305,30.749999999999996,30.67176985856639,Medium,61.9,Fair
306,36.05,35.994099276177494,Medium,80.65,Good
307,37.6,38.205413507307064,Medium,83.1,Good
308,35.3,35.058810715831854,Medium,69.65,Fair
309,38.6,38.53040642553122,Medium,66.60000000000001,Fair
310,33.650000000000006,33.787078541816825,Medium,85.05,Excellent
311,45.35,45.25775327115258,Medium,64.9,Fair
312,38.5,38.539278882197685,Medium,80.55,Good
313,17.349999999999998,17.172379241169327,Low,76.0,Good
314,21.8,21.48073149319195,Low,84.6,Good
315,16.1,16.00233974821111,Low,62.4,Fair
316,15.150000000000002,15.533503232967089,Low,87.1,Excellent
317,46.0,45.82807904881809,Medium,67.95,Fair
318,44.45,44.25276588335175,Medium,75.3,Good
319,19.75,19.827831789245206,Low,76.10000000000001,Good
320,28.55,28.266566722781974,Medium,88.29999999999998,Excellent
321,19.85,19.811652375149862,Low,71.35000000000001,Good
322,33.85,33.53200887150166,Medium,77.2,Good
323,26.300000000000004,26.366966885561055,Medium,86.94999999999999,Excellent
324,45.7,44.751423224239566,Medium,60.74999999999999,Fair
325,40.75,40.94449702604096,Medium,93.15,Excellent
326,22.7,22.913162330532966,Low,81.80000000000001,Good
327,42.5,42.380486620820406,Medium,74.9,Good
328,13.200000000000001,13.564762225210664,Low,77.3,Good
329,18.9,19.185576758356373,Low,74.75,Good
330,19.5,19.28265719992046,Low,76.25,Good
331,42.0,42.35394436801189,Medium,70.95,Good
332,29.1,29.75035138169598,Medium,75.65,Good
333,17.05,16.90197745141739,Low,82.55,Good
334,6.700000000000001,6.697888922304774,Low,76.4,Good
335,27.9,28.206993864685007,Medium,70.95,Good
336,42.85000000000001,42.52850267309044,Medium,72.4,Good
337,19.45,19.649794837853932,Low,68.8,Fair
338,26.85,26.754022501543787,Medium,82.39999999999999,Good
339,36.7,36.87645246993769,Medium,69.05,Fair
340,45.85,45.63016230849039,Medium,83.55,Good
341,28.85,28.911256725773075,Medium,94.6,Excellent
342,12.95,12.43340002777687,Low,75.2,Good
343,28.45,28.8578458017426,Medium,54.39999999999999,Fair
344,12.099999999999998,12.300704842674982,Low,70.25000000000001,Good
345,23.85,23.96018298132057,Low,78.8,Good
346,4.8000000000000025,4.776092872002688,Low,72.2,Good
347,15.500000000000002,15.21457179028081,Low,68.8,Fair
348,25.1,24.983413285257175,Medium,85.85000000000001,Excellent
349,29.400000000000002,29.23707546325999,Medium,68.85,Fair
350,25.0,24.767005180681803,Low,70.20000000000002,Good
351,32.9,32.31970172493885,Medium,92.95,Excellent
352,43.3,42.198446773376766,Medium,78.55,Good
353,28.700000000000003,28.733260866696632,Medium,71.1,Good
354,35.95,36.019398933686716,Medium,67.69999999999999,Fair
355,41.349999999999994,41.20955416150886,Medium,74.25,Good
356,44.150000000000006,44.41033961247415,Medium,78.34999999999998,Good
357,21.6,22.007854434698956,Low,78.5,Good
358,35.15,34.78377425248044,Medium,69.45000000000002,Fair
359,23.65,23.48939429101149,Low,77.05,Good
360,31.950000000000003,31.427850250084862,Medium,76.0,Good
361,46.900000000000006,47.120602674407564,Medium,70.15,Good
362,15.150000000000002,15.17161788260364,Low,87.94999999999999,Excellent
363,40.050000000000004,39.941361375293056,Medium,70.45000000000002,Good
364,23.6,23.603059904145468,Low,87.05000000000001,Excellent
365,18.699999999999996,18.223853067189918,Low,90.2,Excellent
366,31.800000000000004,32.05041413914121,Medium,70.6,Good
367,44.05,44.53997116981349,Medium,53.449999999999996,Fair
368,19.75,20.379680332895713,Low,60.74999999999999,Fair
369,28.9,28.921234501991748,Medium,75.3,Good
370,26.0,25.47594363485237,Medium,68.25000000000001,Fair
371,10.900000000000002,11.440282394773522,Low,66.75,Fair
372,15.450000000000001,15.10500692876854,Low,75.20000000000002,Good
373,23.049999999999997,23.26643348335624,Low,59.25,Fair
374,18.200000000000003,19.059230396328456,Low,65.75,Fair
375,27.150000000000002,26.68646272472148,Medium,90.25000000000001,Excellent
376,17.05,16.88188945050081,Low,64.3,Fair
377,46.1,46.05954815339849,Medium,86.64999999999999,Excellent
378,33.0,32.625415052166815,Medium,72.9,Good
379,41.35,41.33518955996752,Medium,78.1,Good
380,27.1,28.115717580012273,Medium,71.64999999999999,Good
381,37.35,35.68577926908828,Medium,90.7,Excellent
382,35.85,34.605218002799795,Medium,78.5,Good
383,22.8,22.537274997297192,Low,68.75,Fair
384,10.35,10.447277652949237,Low,77.85000000000001,Good
385,31.400000000000002,31.496374611380226,Medium,69.55,Fair
386,24.249999999999996,24.381438299940246,Low,85.0,Good
387,41.55,41.50486331172298,Medium,70.25000000000001,Good
388,37.45,37.240420372270066,Medium,75.8,Good
389,53.3,53.28624614463911,High,55.50000000000001,Fair
390,16.950000000000003,16.963331556314373,Low,69.24999999999999,Fair
391,38.349999999999994,38.125298095798335,Medium,77.55000000000001,Good
392,40.8,40.64405940524914,Medium,78.4,Good
393,29.55,29.73551645642608,Medium,83.35000000000001,Good
394,22.400000000000002,23.05036226278624,Low,70.95,Good
395,34.7,34.74656256021688,Medium,70.5,Good
396,21.9,21.86015104393695,Low,88.64999999999999,Excellent
397,41.35,41.43388595413518,Medium,56.75,Fair
398,20.65,20.780249877673562,Low,81.89999999999999,Good
399,36.2,36.63851196680654,Medium,85.75,Excellent
400,7.049999999999999,6.940900312615262,Low,75.1,Good
401,45.400000000000006,45.4199962183939,Medium,70.8,Good
402,17.049999999999997,16.721905328971044,Low,63.1,Fair
403,12.100000000000001,12.231242843082091,Low,78.19999999999999,Good
404,13.3,13.033353632294487,Low,68.1,Fair
405,17.1,17.398579735610312,Low,71.64999999999999,Good
406,29.5,29.267906192247334,Medium,79.75000000000001,Good
407,39.75,39.63711166256613,Medium,76.95,Good
408,39.85,40.23513980833597,Medium,80.0,Good
409,24.35,24.08523891296618,Low,74.2,Good
410,29.3,29.051441921264107,Medium,79.85000000000001,Good
411,34.75,34.553040501152054,Medium,85.9,Excellent
412,25.2,24.76605241138282,Medium,69.39999999999999,Fair
413,29.299999999999997,30.323545237343478,Medium,66.89999999999999,Fair
414,7.95,9.345314028552115,Low,88.0,Excellent
415,24.2,23.380253237301023,Low,85.05,Excellent
416,14.95,15.233415945780264,Low,82.64999999999999,Good
417,9.5,9.54578599885242,Low,78.75000000000001,Good
418,28.050000000000004,28.157100568032362,Medium,71.35,Good
419,28.35,28.160447636539335,Medium,93.5,Excellent
420,34.5,33.88814824137484,Medium,58.699999999999996,Fair
421,26.9,26.70492394531009,Medium,67.45,Fair
422,21.950000000000003,21.80694220942738,Low,76.65,Good
423,50.25,50.26419619557848,High,68.3,Fair
424,21.55,21.4378489268842,Low,63.45,Fair
425,36.150000000000006,34.616189568156884,Medium,73.55000000000001,Good
426,19.85,19.614972847296617,Low,85.65,Excellent
427,7.65,7.417350734790842,Low,69.45000000000002,Fair
428,22.299999999999997,22.388062015188027,Low,60.74999999999999,Fair
429,45.75,45.3888277752857,Medium,77.9,Good
430,34.0,33.88086607720976,Medium,77.85,Good
431,34.85,34.72110349261279,Medium,67.35,Fair
432,30.849999999999998,29.983756754017314,Medium,84.10000000000001,Good
433,31.200000000000003,32.48765762356217,Medium,62.40000000000001,Fair
434,40.2,40.64047871740956,Medium,78.25000000000001,Good
435,44.5,44.56163559559046,Medium,65.25,Fair
436,10.700000000000001,10.768811363351318,Low,71.45,Good
437,22.3,22.33866632639919,Low,69.9,Fair
438,41.85,41.521410417257755,Medium,70.5,Good
439,28.1,28.277063357936285,Medium,61.6,Fair
440,18.4,18.39472770687834,Low,69.75,Fair
441,35.7,36.185401393405634,Medium,77.8,Good
442,12.8,12.80344554233788,Low,86.65,Excellent
443,26.3,25.55477242921945,Medium,81.5,Good
444,22.45,22.548500847907583,Low,80.95000000000002,Good
445,12.750000000000002,12.873831992283087,Low,71.05,Good
446,27.3,27.59592895937127,Medium,68.19999999999999,Fair
447,21.35,21.147101369781037,Low,64.85,Fair
448,34.4,34.608972831328636,Medium,58.15,Fair
449,34.25,34.17918237000373,Medium,81.2,Good
450,26.050000000000004,26.463392428195306,Medium,64.35,Fair
451,39.85,39.521597602389676,Medium,64.7,Fair
452,31.5,30.582482256895034,Medium,71.65,Good
453,36.3,36.75741049772897,Medium,63.7,Fair
454,20.1,20.27621521244012,Low,66.60000000000001,Fair
455,36.25,36.153838708922365,Medium,61.24999999999999,Fair
456,25.3,25.404078243729654,Medium,81.7,Good
457,11.599999999999998,12.287564144297422,Low,80.65,Good
458,16.9,17.112438767707154,Low,64.35,Fair
459,25.450000000000003,25.40037147328168,Medium,73.69999999999999,Good
460,33.900000000000006,34.21837879238158,Medium,62.8,Fair
461,34.55,34.65749536887,Medium,68.25,Fair
462,20.95,21.32232127476199,Low,81.60000000000001,Good
463,33.45,32.98335685356746,Medium,68.95,Fair
464,35.8,35.793992165663326,Medium,66.75000000000001,Fair
465,34.1,33.8191244717862,Medium,59.14999999999999,Fair
466,29.45,29.319322106247384,Medium,80.89999999999999,Good
467,28.8,29.09034069228648,Medium,61.04999999999999,Fair
468,39.25,39.30597223035959,Medium,92.4,Excellent
469,35.9,35.88322083863478,Medium,65.69999999999999,Fair
470,17.65,17.762778063354958,Low,66.85000000000001,Fair
471,33.650000000000006,33.74129619489383,Medium,70.75,Good
472,42.35,42.69094794219076,Medium,87.94999999999999,Excellent
473,19.2,19.231128812287885,Low,60.199999999999996,Fair
474,17.25,17.881398637641507,Low,90.8,Excellent
475,13.549999999999997,13.684413833555146,Low,67.65,Fair
476,33.5,33.58165921178905,Medium,72.39999999999999,Good
477,28.599999999999998,28.5909683412483,Medium,66.55,Fair
478,35.650000000000006,35.55622493922618,Medium,68.05,Fair
479,37.65,37.54221861286744,Medium,71.1,Good
480,31.5,31.986707570404466,Medium,80.2,Good
481,29.950000000000003,30.081910068964234,Medium,93.25,Excellent
482,26.45,26.593938969664315,Medium,69.5,Fair
483,24.699999999999996,26.772680224010124,Low,53.55,Fair
484,40.8,40.53349747842156,Medium,78.8,Good
485,22.1,21.977386909780172,Low,78.05,Good
486,42.3,42.52651027266257,Medium,73.55000000000001,Good
487,11.299999999999999,10.545780720964734,Low,76.00000000000001,Good
488,27.1,26.784379009676123,Medium,68.15,Fair
489,38.4,38.32738444409199,Medium,81.35,Good
490,23.95,23.963415454979998,Low,78.89999999999999,Good
491,38.45,38.22309355746891,Medium,78.85,Good
492,36.6,36.62802494793022,Medium,67.30000000000001,Fair
493,33.650000000000006,33.500774295393725,Medium,86.7,Excellent
494,25.45,26.44133477743899,Medium,79.7,Good
495,38.099999999999994,37.09420208494079,Medium,81.10000000000001,Good
496,38.85,39.25167003014736,Medium,77.3,Good
497,15.549999999999999,17.9549127850448,Low,59.4,Fair
498,10.9,10.954368222569228,Low,70.15,Good
499,41.4,41.378231599171464,Medium,80.5,Good
500,51.650000000000006,51.84680745072081,High,73.4,Good
501,29.85,29.79531290759258,Medium,67.75,Fair
502,23.25,23.23730192264943,Low,76.15,Good
503,38.0,37.661465059493125,Medium,78.05,Good
504,26.75,26.43517317185393,Medium,88.15,Excellent
505,34.2,34.82508425148286,Medium,79.45,Good
506,22.15,22.275849579912364,Low,77.9,Good
507,46.75,46.270482488750176,Medium,80.5,Good
508,28.4,28.988228642947213,Medium,72.29999999999998,Good
509,39.6,40.15721315575782,Medium,69.9,Fair
510,25.1,25.44049809259235,Medium,62.1,Fair
511,24.9,24.855664681983793,Low,76.85,Good
512,29.550000000000004,29.178222747773045,Medium,70.5,Good
513,43.900000000000006,43.72937692790304,Medium,89.25,Excellent
514,31.9,31.82678174582982,Medium,67.89999999999999,Fair
515,27.9,27.427026331902223,Medium,54.50000000000001,Fair
516,23.45,23.94999978695875,Low,73.85,Good
517,32.1,32.18123362844917,Medium,88.4,Excellent
518,18.599999999999998,19.376332594802246,Low,68.2,Fair
519,34.25,34.23434330854446,Medium,69.05,Fair
520,37.85,37.920338018016025,Medium,86.95000000000002,Excellent
521,22.049999999999997,21.4102588293065,Low,65.0,Fair
522,44.35,44.158246070238214,Medium,70.25,Good
523,12.599999999999998,12.344297821930914,Low,71.89999999999999,Good
524,34.4,34.36519398184667,Medium,85.3,Excellent
525,19.25,19.171877033202513,Low,73.55000000000001,Good
526,35.6,34.362943954672055,Medium,70.35,Good
527,15.9,15.065869604706771,Low,88.65,Excellent
528,22.55,22.59284947837068,Low,76.75,Good
529,40.4,39.188074985207464,Medium,75.14999999999999,Good
530,26.449999999999996,27.47063140591325,Medium,83.25,Good
531,20.25,20.1989193307768,Low,75.6,Good
532,38.7,37.451945799749204,Medium,79.45,Good
533,41.25,41.50593098625219,Medium,64.95,Fair
534,34.65,34.04132591241102,Medium,92.5,Excellent
535,35.85,34.790793293697455,Medium,77.7,Good
536,50.599999999999994,50.571284603987976,High,60.04999999999999,Fair
537,32.2,31.983771899636615,Medium,83.35000000000001,Good
538,11.450000000000003,11.823374468318317,Low,79.8,Good
539,24.950000000000003,25.27080296716277,Low,73.35,Good
540,36.0,36.00850697555809,Medium,66.0,Fair
541,28.200000000000003,28.118717663018632,Medium,67.39999999999999,Fair
542,22.15,22.092652855793318,Low,62.0,Fair
543,27.35,27.52608610655656,Medium,64.80000000000001,Fair
544,4.200000000000001,4.414096420449153,Low,72.50000000000001,Good
545,27.15,27.005706628129463,Medium,86.2,Excellent
546,9.400000000000002,9.201427621314672,Low,93.55,Excellent
547,23.849999999999998,23.77242675842648,Low,73.4,Good
548,30.55,30.540405398890577,Medium,66.85,Fair
549,22.950000000000003,22.98357391875605,Low,76.4,Good
550,38.8,38.88739074810981,Medium,71.1,Good
551,36.7,37.17824931119748,Medium,68.69999999999999,Fair
552,19.95,19.886448394896245,Low,82.89999999999999,Good
553,34.5,34.70067894095793,Medium,68.75,Fair
554,20.45,21.662311498695985,Low,62.4,Fair
555,15.749999999999998,16.335778042172564,Low,70.5,Good
556,16.700000000000003,16.100097580901483,Low,83.05,Good
557,27.799999999999997,27.90599819467495,Medium,59.650000000000006,Fair
558,30.5,30.63255361162615,Medium,79.39999999999999,Good
559,36.1,36.82607178873838,Medium,78.3,Good
560,32.85,32.80322407130072,Medium,89.05,Excellent
561,30.15,29.647401664083706,Medium,74.44999999999999,Good
562,22.35,22.19417361690433,Low,65.19999999999999,Fair
563,20.450000000000003,20.844192295368845,Low,73.2,Good
564,43.8,43.67220027051292,Medium,63.4,Fair
565,19.9,19.151043346297335,Low,77.60000000000001,Good
566,33.95,34.19617337845477,Medium,74.35000000000001,Good
567,20.950000000000003,20.790920897989743,Low,75.25,Good
568,46.8,46.461880066663525,Medium,63.6,Fair
569,12.400000000000002,12.608031585818615,Low,67.15,Fair
570,42.699999999999996,42.48944769805573,Medium,88.05000000000001,Excellent
571,24.95,25.119631254475497,Low,62.05,Fair
572,32.199999999999996,32.48813303906127,Medium,68.45,Fair
573,30.8,31.439493862409552,Medium,84.5,Good
574,37.9,38.30345985783052,Medium,76.64999999999999,Good
575,15.45,15.509411597870502,Low,67.45,Fair
576,39.5,39.68694256067473,Medium,70.35,Good
577,25.35,25.257345869936643,Medium,87.1,Excellent
578,18.05,17.904628549763654,Low,70.15,Good
579,15.399999999999999,15.540158980840541,Low,72.05,Good
580,34.9,34.731009152261606,Medium,57.9,Fair
581,30.900000000000002,30.924347109031896,Medium,67.05,Fair
582,21.75,20.901346832425,Low,75.75,Good
583,24.55,24.461017648007193,Low,74.6,Good
584,17.15,16.99603207747625,Low,71.7,Good
585,16.1,15.837081364335765,Low,79.3,Good
586,16.150000000000002,16.20105269812773,Low,65.2,Fair
587,42.3,42.46267193529939,Medium,72.05,Good
588,36.95,37.55519927418811,Medium,78.60000000000001,Good
589,23.15,24.11903003993818,Low,81.8,Good
590,28.05,27.731070699371863,Medium,85.7,Excellent
591,28.55,29.27561703579773,Medium,73.75,Good
592,13.8,14.00069905588962,Low,85.50000000000001,Excellent
593,31.2,31.391227079522725,Medium,70.5,Good
594,27.5,27.662858732922004,Medium,72.1,Good
595,22.650000000000002,22.684310338367553,Low,91.85,Excellent
596,26.95,27.319779318252035,Medium,77.4,Good
597,35.95,35.41672856839528,Medium,71.95,Good
598,15.1,15.041315887291999,Low,77.8,Good
599,21.8,21.883367125816747,Low,65.65,Fair
600,19.55,19.39217967209226,Low,73.6,Good
601,32.35,32.46467990693426,Medium,80.60000000000001,Good
602,27.5,27.123135816968055,Medium,80.05,Good
603,18.1,18.108996788663493,Low,75.55,Good
604,39.65,40.03637974534359,Medium,86.75,Excellent
605,17.0,16.950320968114582,Low,69.35,Fair
606,39.7,39.768967724260726,Medium,83.25,Good
607,28.25,28.536413123132068,Medium,73.15,Good
608,25.55,25.324764501878768,Medium,73.3,Good
609,16.799999999999997,17.013652921393714,Low,79.25000000000001,Good
610,52.35,51.39161589357544,High,76.05,Good
611,10.649999999999999,10.160724404456165,Low,76.75,Good
612,25.099999999999998,24.8045971069007,Medium,84.89999999999999,Good
613,28.250000000000004,28.275076484282508,Medium,80.0,Good
614,34.7,34.022000918707725,Medium,73.2,Good
615,26.2,26.682418417169913,Medium,60.54999999999999,Fair
616,24.7,24.828068755742752,Low,77.60000000000001,Good
617,22.099999999999998,22.899624444364303,Low,66.05000000000001,Fair
618,33.0,34.108131334904485,Medium,78.8,Good
619,28.200000000000003,27.776943974733598,Medium,90.75000000000001,Excellent
620,41.150000000000006,39.52833403988901,Medium,73.3,Good
621,25.45,25.33387546745494,Medium,89.95,Excellent
622,28.25,28.412039573919017,Medium,76.50000000000001,Good
623,24.85,24.988245152185634,Low,63.6,Fair
624,44.65,44.59494155808718,Medium,75.69999999999999,Good
625,27.0,26.858252321981976,Medium,66.75,Fair
626,24.75,24.396133338376796,Low,71.00000000000001,Good
627,26.85,27.010404105462104,Medium,77.19999999999999,Good
628,25.2,25.230973890069453,Medium,56.10000000000001,Fair
629,15.399999999999999,15.39479013691468,Low,77.64999999999999,Good
630,13.25,13.28119601311132,Low,87.1,Excellent
631,32.55,32.94267088508174,Medium,72.65,Good
632,36.7,36.913243602204,Medium,79.5,Good
633,10.350000000000001,10.693002412185487,Low,74.75,Good
634,25.85,25.74655107531945,Medium,83.7,Good
635,54.800000000000004,54.70276672687489,High,78.45,Good
636,22.099999999999998,22.473311213992478,Low,84.05,Good
637,32.25,32.85861658033705,Medium,68.05000000000001,Fair
638,31.950000000000003,32.24046425238185,Medium,75.50000000000001,Good
639,51.55,51.5446186801326,High,81.2,Good
640,14.3,13.808630242560078,Low,86.7,Excellent
641,18.55,18.037308500194154,Low,63.45,Fair
642,42.75,42.50138153129674,Medium,82.7,Good
643,44.650000000000006,43.55174202682026,Medium,84.25,Good
644,30.150000000000002,30.178904010048484,Medium,84.55,Good
645,16.25,15.940007967225563,Low,87.35,Excellent
646,39.3,39.841153084970756,Medium,71.39999999999999,Good
647,33.4,33.581067322039736,Medium,90.5,Excellent
648,31.450000000000003,31.18369598232376,Medium,70.6,Good
649,26.6,26.4212963927915,Medium,81.3,Good
650,48.05,45.89821352940958,Medium,89.05,Excellent
651,23.7,23.847807984943373,Low,68.30000000000001,Fair
652,38.9,39.14853377244045,Medium,74.75,Good
653,29.35,29.500404901019326,Medium,59.5,Fair
654,19.25,19.662976846243414,Low,65.14999999999999,Fair
655,38.349999999999994,38.78180337464094,Medium,62.150000000000006,Fair
656,21.3,21.229796132687365,Low,70.6,Good
657,7.750000000000001,7.664933801799312,Low,57.65,Fair
658,27.3,27.183376602399452,Medium,76.6,Good
659,21.6,21.644282514457295,Low,72.85,Good
660,21.0,20.907169889602205,Low,70.5,Good
661,18.2,18.06712732768156,Low,76.29999999999998,Good
662,28.349999999999998,28.382275546752798,Medium,68.55,Fair
663,4.649999999999999,4.686882220242383,Low,69.5,Fair
664,32.400000000000006,32.53237934755063,Medium,68.30000000000001,Fair
665,25.35,25.337948730762793,Medium,81.5,Good
666,17.950000000000003,18.116648866296348,Low,77.25,Good
667,24.200000000000003,24.230913542956507,Low,70.35000000000001,Good
668,15.7,15.886087704090516,Low,67.55000000000001,Fair
669,50.150000000000006,50.20796619718747,High,85.85000000000001,Excellent
670,30.45,29.645904915498022,Medium,64.14999999999999,Fair
671,37.95,37.624250686391505,Medium,84.30000000000001,Good
672,16.150000000000002,16.220485860165716,Low,78.25,Good
673,19.900000000000002,19.947190544506427,Low,69.35,Fair
674,11.500000000000002,11.539220701850894,Low,72.7,Good
675,25.4,25.36990730979579,Medium,86.39999999999999,Excellent
676,25.05,25.12215844373105,Medium,81.30000000000001,Good
677,41.6,41.5248311096667,Medium,78.55,Good
678,21.85,21.43432489417011,Low,91.25,Excellent
679,29.650000000000002,29.52882422120835,Medium,72.85000000000001,Good
680,36.45,36.68819195879715,Medium,76.3,Good
681,19.400000000000002,19.370950181291025,Low,77.9,Good
682,26.45,26.267574037780445,Medium,56.400000000000006,Fair
683,22.900000000000002,22.501279140165085,Low,78.5,Good
684,18.599999999999998,18.570421250093435,Low,69.75000000000001,Fair
685,40.45,40.645856857546704,Medium,69.24999999999999,Fair
686,38.05,37.963794960171846,Medium,67.65,Fair
687,27.65,27.43504549326342,Medium,83.6,Good
688,33.95,33.83582779808427,Medium,63.35000000000001,Fair
689,40.55,40.887735064640175,Medium,63.85000000000001,Fair
690,16.450000000000003,16.514334715171294,Low,75.5,Good
691,28.45,28.925700262939102,Medium,66.95,Fair
692,33.35,32.96756819147503,Medium,57.50000000000001,Fair
693,33.2,32.702086844750234,Medium,60.64999999999999,Fair
694,26.700000000000003,27.170583685538634,Medium,76.1,Good
695,18.400000000000002,18.37972418149778,Low,80.75,Good
696,41.75,41.58674107020399,Medium,76.55000000000001,Good
697,48.0,47.86572067312664,Medium,65.45,Fair
698,36.650000000000006,36.877308884404286,Medium,63.05,Fair
699,21.6,21.97247466049633,Low,68.05,Fair
700,29.0,28.735901637127228,Medium,67.05000000000001,Fair
701,27.7,28.40508345502533,Medium,55.099999999999994,Fair
702,35.85,35.84951011818518,Medium,85.05,Excellent
703,14.950000000000001,15.121887538563822,Low,65.25000000000001,Fair
704,22.45,22.239771712970654,Low,73.1,Good
705,15.45,16.197258389896287,Low,68.5,Fair
706,31.75,31.634055634031885,Medium,72.5,Good
707,29.35,29.09063457944023,Medium,77.14999999999999,Good
708,23.900000000000002,23.628946551887303,Low,76.1,Good
709,11.799999999999999,12.038747499756367,Low,69.65,Fair
710,32.349999999999994,32.775215480479055,Medium,84.39999999999999,Good
711,24.25,24.168851761857496,Low,83.35,Good
712,37.8,37.86483667801555,Medium,61.14999999999999,Fair
713,22.25,22.154786495614644,Low,83.55,Good
714,34.400000000000006,34.27687811461575,Medium,73.75,Good
715,12.799999999999999,12.311680652803233,Low,73.75,Good
716,31.400000000000002,31.453575680165354,Medium,77.40000000000002,Good
717,29.1,28.904584250241115,Medium,59.150000000000006,Fair
718,22.35,22.03462703838454,Low,62.5,Fair
719,12.549999999999999,12.707211129696768,Low,83.89999999999999,Good
720,31.25,31.256131397753848,Medium,83.4,Good
721,24.2,24.683641371456144,Low,72.0,Good
722,37.8,38.014498015882246,Medium,79.2,Good
723,30.05,29.795395430679758,Medium,86.64999999999999,Excellent
724,16.1,16.296187533026067,Low,82.45,Good
725,9.199999999999998,9.263140726692805,Low,84.15,Good
726,17.55,17.27583939655102,Low,58.550000000000004,Fair
727,11.500000000000002,11.901212903778351,Low,83.85000000000001,Good
728,30.700000000000003,31.009693832084455,Medium,77.8,Good
729,33.45,33.461026080430585,Medium,92.44999999999999,Excellent
730,28.0,27.771544323693483,Medium,68.89999999999999,Fair
731,39.8,39.48053148953141,Medium,87.75,Excellent
732,25.15,25.41380690833392,Medium,75.7,Good
733,31.449999999999996,31.540248949605015,Medium,81.95,Good
734,32.05,32.242988624618015,Medium,74.25,Good
735,21.450000000000003,21.16851976794889,Low,77.05,Good
736,47.95,47.93411501571507,Medium,59.599999999999994,Fair
737,34.25,34.06534996350767,Medium,90.0,Excellent
738,43.4,43.11912162236263,Medium,80.3,Good
739,14.35,14.288649105785298,Low,70.0,Fair
740,41.75,41.71215227170123,Medium,82.3,Good
741,23.9,24.193287274995,Low,89.64999999999999,Excellent
742,23.35,23.320363748861972,Low,71.50000000000001,Good
743,18.15,18.25418081750478,Low,67.35,Fair
744,21.05,21.227143019290736,Low,79.0,Good
745,31.75,32.22869098740473,Medium,83.6,Good
746,32.0,32.2093189145341,Medium,71.7,Good
747,31.299999999999997,31.143650396977925,Medium,70.39999999999999,Good
748,35.9,36.19626778839592,Medium,81.0,Good
749,35.65,35.76704024569403,Medium,66.49999999999999,Fair
750,23.700000000000003,23.900283049923914,Low,75.55000000000001,Good
751,40.75,40.91189836337925,Medium,74.0,Good
752,30.9,30.77292200754128,Medium,71.80000000000001,Good
753,23.450000000000003,23.66798649333582,Low,67.85,Fair
754,31.1,30.817821441609052,Medium,69.60000000000001,Fair
755,24.15,24.36370395289317,Low,67.65,Fair
756,42.800000000000004,42.651370413087875,Medium,78.95,Good
757,28.600000000000005,28.584326103314083,Medium,73.25,Good
758,18.4,18.74906519492094,Low,65.75,Fair
759,22.700000000000003,22.918604212202084,Low,77.35,Good
760,14.850000000000001,15.105079500787813,Low,76.05,Good
761,19.75,19.472676363309517,Low,60.4,Fair
762,34.75000000000001,34.66876207710152,Medium,71.2,Good
763,35.5,35.64106997777285,Medium,67.15,Fair
764,29.3,29.768257797005862,Medium,86.2,Excellent
765,21.1,22.83617477095976,Low,65.4,Fair
766,20.150000000000002,20.22974790108113,Low,58.95,Fair
767,19.85,20.883248972347147,Low,75.1,Good
768,39.85,39.814495917444596,Medium,69.7,Fair
769,22.55,22.74108426830298,Low,88.94999999999999,Excellent
770,21.699999999999996,21.685501719575566,Low,72.89999999999999,Good
771,40.6,41.370850188381375,Medium,84.75000000000001,Good
772,23.55,22.55519765306853,Low,68.35,Fair
773,31.35,31.401254971863864,Medium,82.44999999999999,Good
774,32.45,32.20220886246309,Medium,86.9,Excellent
775,45.95,45.901274008952406,Medium,80.0,Good
776,29.300000000000004,29.01986390812649,Medium,66.19999999999999,Fair
777,36.349999999999994,35.026508229823534,Medium,70.25,Good
778,21.6,21.828357337029136,Low,70.25,Good
779,34.25,34.29551960951845,Medium,80.80000000000001,Good
780,37.9,37.46636753169402,Medium,65.3,Fair
781,47.55,47.49478492901766,Medium,80.55,Good
782,10.749999999999998,11.30323492873881,Low,60.550000000000004,Fair
783,39.5,39.28708005817001,Medium,79.5,Good
784,20.55,20.01313166867361,Low,78.35,Good
785,33.3,32.71844751237962,Medium,87.45,Excellent
786,7.4499999999999975,7.260459162998796,Low,71.45,Good
787,30.6,29.232322689536694,Medium,78.4,Good
788,37.75,37.744325616360236,Medium,65.4,Fair
789,34.8,34.523168197991914,Medium,75.14999999999999,Good
790,24.65,24.61345544490653,Low,82.45,Good
791,17.599999999999998,17.42131567247273,Low,88.35,Excellent
792,9.1,9.138630725848717,Low,68.69999999999999,Fair
793,49.85,49.642327974184674,Medium,86.7,Excellent
794,24.349999999999998,24.24996399330215,Low,72.25,Good
795,28.800000000000004,28.76908645368154,Medium,72.6,Good
796,36.3,36.10625952160118,Medium,68.89999999999999,Fair
797,38.05,37.953115534891076,Medium,61.150000000000006,Fair
798,15.950000000000001,16.181935413872527,Low,68.7,Fair
799,29.05,29.108577637590127,Medium,74.0,Good
800,45.85,45.62284766665923,Medium,83.75,Good
801,20.4,20.930554296415828,Low,69.35,Fair
802,33.0,31.75276033761086,Medium,85.24999999999999,Excellent
803,28.049999999999997,27.960457569429472,Medium,68.04999999999998,Fair
804,38.3,38.40403867747975,Medium,78.95,Good
805,42.7,42.613875812410434,Medium,89.75,Excellent
806,15.95,15.811682182595053,Low,81.60000000000001,Good
807,18.05,17.719506864730647,Low,67.15,Fair
808,41.25,41.430379490239574,Medium,59.699999999999996,Fair
809,32.1,32.14506516335396,Medium,91.75,Excellent
810,27.75,27.6257320435663,Medium,69.94999999999999,Fair
811,26.65,26.831467710064903,Medium,75.7,Good
812,41.3,41.9095131547178,Medium,83.30000000000001,Good
813,35.2,34.62213930059002,Medium,84.80000000000001,Good
814,29.0,29.02734105699306,Medium,73.0,Good
815,39.35,39.644033925253815,Medium,88.45,Excellent
816,22.6,22.83930660383363,Low,87.3,Excellent
817,25.45,26.35061358340374,Medium,75.3,Good
818,36.95,36.325317292925924,Medium,92.2,Excellent
819,35.35,35.24487566470327,Medium,82.0,Good
820,40.150000000000006,40.13360354197912,Medium,72.45,Good
821,18.3,18.046020776416878,Low,77.49999999999999,Good
822,39.650000000000006,39.517035054317844,Medium,85.1,Excellent
823,13.899999999999999,14.090353751612199,Low,68.25,Fair
824,33.900000000000006,33.072024557098445,Medium,77.0,Good
825,16.25,16.458016492820914,Low,89.19999999999999,Excellent
826,21.3,21.48084514954397,Low,91.95,Excellent
827,28.1,27.995881591755943,Medium,64.6,Fair
828,26.799999999999997,26.599561991032935,Medium,66.10000000000001,Fair
829,20.200000000000003,20.52703836856789,Low,74.0,Good
830,23.75,23.426536269103796,Low,69.15,Fair
831,51.5,51.56109724234693,High,77.85000000000001,Good
832,29.6,29.46555622544117,Medium,60.9,Fair
833,39.7,39.48262367352282,Medium,66.60000000000001,Fair
834,42.25,41.714774210824736,Medium,70.8,Good
835,28.200000000000003,28.201113523585263,Medium,72.6,Good
836,42.0,41.94450369804902,Medium,80.30000000000001,Good
837,41.85,42.060301865695344,Medium,79.45,Good
838,14.4,14.129902348864237,Low,63.25000000000001,Fair
839,16.75,17.348268930333486,Low,64.30000000000001,Fair
840,13.950000000000001,14.356006699984027,Low,66.75000000000001,Fair
841,35.95,35.78822404194034,Medium,68.24999999999999,Fair
842,38.7,38.129975901791234,Medium,83.6,Good
843,24.35,25.009082249128554,Low,84.94999999999999,Good
844,35.7,35.55001340890776,Medium,70.0,Fair
845,44.95,45.35730825800329,Medium,66.85,Fair
846,32.1,31.582768210159383,Medium,76.2,Good
847,11.450000000000003,11.396103180127543,Low,77.3,Good
848,40.55,40.520192069989385,Medium,81.65,Good
849,8.649999999999999,10.047029808309093,Low,69.7,Fair
850,9.700000000000001,9.876793187646834,Low,80.5,Good
851,45.2,44.861423418502945,Medium,88.2,Excellent
852,27.4,27.66636308053604,Medium,81.15,Good
853,14.9,14.335831796974473,Low,72.89999999999999,Good
854,37.35,37.597067010106294,Medium,66.60000000000001,Fair
855,12.350000000000001,12.12965564386715,Low,66.14999999999999,Fair
856,32.0,31.82387859126606,Medium,77.55,Good
857,29.55,29.995886245423026,Medium,71.2,Good
858,38.75,38.708233544001786,Medium,65.89999999999999,Fair
859,5.5,5.53403837214957,Low,78.95,Good
860,46.2,46.19916783178718,Medium,81.05,Good
861,19.700000000000003,19.729095373030866,Low,70.0,Fair
862,23.1,22.779531937772635,Low,67.60000000000001,Fair
863,27.9,27.947514262350076,Medium,72.7,Good
864,22.95,23.235052665781286,Low,73.8,Good
865,46.55,46.38122757231338,Medium,70.05,Good
866,33.3,32.97090335750688,Medium,60.949999999999996,Fair
867,24.949999999999996,25.852602114681968,Low,64.55000000000001,Fair
868,38.55,38.41694750695776,Medium,63.80000000000001,Fair
869,26.099999999999998,26.218050756502276,Medium,74.20000000000002,Good
870,23.0,23.096873036316694,Low,91.7,Excellent
871,25.85,26.242456552471957,Medium,78.95,Good
872,14.05,13.845756875645074,Low,73.8,Good
873,32.55,33.00637232085643,Medium,60.6,Fair
874,31.900000000000002,32.23658032272083,Medium,62.8,Fair
875,27.650000000000002,26.994282756822855,Medium,61.39999999999999,Fair
876,38.35,38.341617615315556,Medium,74.7,Good
877,35.85,35.77328885253689,Medium,78.0,Good
878,17.049999999999997,16.728628870714044,Low,81.1,Good
879,36.349999999999994,36.16456648988329,Medium,86.5,Excellent
880,34.6,35.381837420023736,Medium,68.19999999999999,Fair
881,25.700000000000003,25.440927017771703,Medium,72.55,Good
882,16.95,16.341598949269283,Low,81.25,Good
883,34.75,34.83102583491368,Medium,72.2,Good
884,33.25,33.19430287444348,Medium,78.40000000000002,Good
885,32.0,32.06259208180724,Medium,75.65,Good
886,44.55,44.41042853523271,Medium,78.9,Good
887,21.5,21.18680845847178,Low,86.1,Excellent
888,37.85,38.03309440851994,Medium,76.2,Good
889,31.45,31.1634839695293,Medium,70.6,Good
890,38.9,39.01271017680628,Medium,78.95,Good
891,21.15,20.973479985246254,Low,60.95,Fair
892,23.650000000000002,25.099401531665976,Low,70.45,Good
893,15.700000000000001,15.498323776418442,Low,78.2,Good
894,38.1,37.811326164883354,Medium,75.4,Good
895,28.35,28.114508875313117,Medium,79.05,Good
896,10.1,9.785499947295257,Low,70.74999999999999,Good
897,9.299999999999997,9.560328425712328,Low,64.99999999999999,Fair
898,32.8,31.936800014897365,Medium,78.49999999999999,Good
899,39.650000000000006,40.09347905923301,Medium,64.05000000000001,Fair
900,29.9,29.366155327862142,Medium,73.25,Good
901,30.3,30.660986750194212,Medium,95.45,Excellent
902,43.45,43.639670396849205,Medium,85.6,Excellent
903,27.950000000000003,29.248891261595,Medium,68.74999999999999,Fair
904,10.55,10.686198232036645,Low,73.3,Good
905,21.549999999999997,21.128407280367725,Low,79.14999999999999,Good
906,17.95,17.922080596576777,Low,78.4,Good
907,42.3,42.24698928879968,Medium,72.05,Good
908,26.05,26.402239357849414,Medium,70.7,Good
909,33.0,33.96184919657124,Medium,69.75,Fair
910,19.95,20.454839882433095,Low,74.1,Good
911,12.95,13.343386572418767,Low,69.04999999999998,Fair
912,37.0,36.73095454966411,Medium,68.0,Fair
913,25.900000000000002,25.913042307174564,Medium,70.45,Good
914,36.1,35.90157954136694,Medium,66.95,Fair
915,21.35,21.218689501688488,Low,66.25,Fair
916,39.05,39.14923201811009,Medium,68.89999999999999,Fair
917,23.25,22.929618317780324,Low,90.35000000000001,Excellent
918,27.85,27.921935745743433,Medium,69.0,Fair
919,31.35,30.850151935934875,Medium,88.9,Excellent
920,32.5,32.56728036693635,Medium,82.5,Good
921,33.95,34.011443264366726,Medium,82.35,Good
922,11.2,11.08625851680491,Low,55.800000000000004,Fair
923,11.6,11.63859051511601,Low,85.35,Excellent
924,49.65,50.117276695907044,Medium,78.10000000000001,Good
925,16.0,15.921145514659532,Low,75.55,Good
926,18.349999999999998,18.692973591060213,Low,84.1,Good
927,24.95,24.982241971932698,Low,66.89999999999999,Fair
928,17.4,17.245635191990893,Low,70.0,Fair
929,33.1,32.976907323073306,Medium,78.55,Good
930,36.6,36.92197547360654,Medium,60.3,Fair
931,12.650000000000002,13.108595332584713,Low,70.05,Good
932,4.150000000000001,4.22326363134993,Low,83.15,Good
933,14.949999999999998,15.037603661926184,Low,69.65,Fair
934,21.9,22.335652152590125,Low,62.3,Fair
935,42.65,42.505749136743304,Medium,76.75,Good
936,40.0,39.85395441539699,Medium,81.69999999999999,Good
937,21.450000000000003,22.22773051858287,Low,59.599999999999994,Fair
938,18.299999999999997,17.23789906225817,Low,81.4,Good
939,24.5,24.867604508758273,Low,77.8,Good
940,41.2,41.15696751523758,Medium,78.35000000000001,Good
941,26.8,26.94082643443701,Medium,66.4,Fair
942,31.700000000000003,31.066508881899367,Medium,69.69999999999999,Fair
943,20.45,20.80245463235313,Low,69.9,Fair
944,23.8,23.38657847038646,Low,74.95,Good
945,36.5,36.61758869516042,Medium,86.99999999999999,Excellent
946,35.800000000000004,36.124052154143406,Medium,67.0,Fair
947,53.05,53.00674016442134,High,79.55,Good
948,33.95,35.4284871428825,Medium,81.25,Good
949,20.2,20.414858265566302,Low,66.7,Fair
950,27.15,27.621778346554972,Medium,68.35,Fair
951,29.65,29.68725944402278,Medium,75.05000000000001,Good
952,29.25,29.663889149978402,Medium,77.89999999999999,Good
953,48.650000000000006,48.66620362488084,Medium,69.75,Fair
954,29.049999999999997,29.035321203839946,Medium,56.749999999999986,Fair
955,12.2,12.308055786489716,Low,92.5,Excellent
956,37.9,38.2020940061192,Medium,81.14999999999999,Good
957,46.7,46.767342973002734,Medium,61.9,Fair
958,36.449999999999996,36.4638601153118,Medium,64.25,Fair
959,28.95,29.21903290214529,Medium,81.2,Good
960,24.650000000000002,24.605943429227864,Low,83.3,Good
961,28.45,28.348409332810995,Medium,74.6,Good
962,47.7,47.4017443179077,Medium,74.8,Good
963,46.75,46.548736167975704,Medium,92.35,Excellent
964,19.450000000000003,19.575919459491306,Low,74.44999999999999,Good
965,52.95,53.106122224227086,High,84.15,Good
966,24.85,24.556608287390706,Low,68.05,Fair
967,22.55,22.59566409056378,Low,87.95,Excellent
968,36.85,35.38142039535426,Medium,75.50000000000001,Good
969,23.15,24.094704726294317,Low,72.15,Good
970,28.2,28.226442097895355,Medium,76.3,Good
971,25.75,25.778357725979088,Medium,59.75,Fair
972,28.2,28.7162130299369,Medium,76.2,Good
973,12.750000000000004,12.86310660436492,Low,68.15,Fair
974,25.45,25.68674859582561,Medium,57.99999999999999,Fair
975,33.15,33.58875790623966,Medium,83.6,Good
976,37.849999999999994,37.60944445930014,Medium,86.50000000000001,Excellent
977,35.25,35.65555837472982,Medium,90.75,Excellent
978,45.7,45.91715381794545,Medium,70.85,Good
979,42.800000000000004,42.81810637856229,Medium,68.95,Fair
980,35.25,35.6631965246454,Medium,81.55000000000001,Good
981,28.3,27.80949878585415,Medium,81.3,Good
982,29.25,29.6056519095536,Medium,78.95,Good
983,15.8,15.567653946956282,Low,67.65,Fair
984,31.8,31.701124683226926,Medium,77.35000000000001,Good
985,5.000000000000001,4.941952615813834,Low,62.050000000000004,Fair
986,44.8,44.787065647455066,Medium,97.75,Excellent
987,42.6,42.548417183440684,Medium,63.2,Fair
988,36.6,37.409437535929875,Medium,69.89999999999999,Fair
989,14.75,14.69360760442074,Low,90.49999999999999,Excellent
990,32.25,31.648636315518672,Medium,87.25,Excellent
991,32.1,32.40704063974857,Medium,73.75,Good
992,34.45,34.023166015248236,Medium,74.8,Good
993,40.05,40.43601106795474,Medium,76.15,Good
994,33.2,32.95788724276545,Medium,63.050000000000004,Fair
995,33.650000000000006,33.418892739317705,Medium,69.04999999999998,Fair
996,12.65,12.579405372174996,Low,59.5,Fair
997,45.35,46.059268262091514,Medium,71.2,Good
998,33.800000000000004,34.13674242040295,Medium,55.35,Fair
999,17.45,17.010555526254446,Low,67.0,Fair
1000,33.1,33.07848285490816,Medium,71.30000000000001,Good
1001,28.049999999999997,28.16045590579106,Medium,68.8,Fair
1002,28.3,28.0725007619354,Medium,80.0,Good
1003,39.35,39.504162264870885,Medium,75.45,Good
1004,21.7,21.300832612766982,Low,84.45,Good
1005,15.75,15.64570376747614,Low,70.5,Good
1006,42.3,41.86024973388938,Medium,82.15,Good
1007,19.25,18.066940312667512,Low,82.19999999999999,Good
1008,42.0,42.102087971890654,Medium,80.45,Good
1009,20.050000000000004,20.159289585962032,Low,56.699999999999996,Fair
1010,15.55,15.728926779665905,Low,71.65,Good
1011,21.1,21.43188218021732,Low,83.1,Good
1012,43.15,42.63158221073496,Medium,60.35,Fair
1013,32.8,34.04059374259977,Medium,83.15,Good
1014,29.25,29.326734903782157,Medium,62.64999999999999,Fair
1015,23.55,23.518165754554552,Low,79.35,Good
1016,24.700000000000003,24.769058498952905,Low,66.10000000000001,Fair
1017,38.7,38.63374134685152,Medium,68.85,Fair
1018,20.550000000000004,20.38890928443196,Low,69.25,Fair
1019,24.35,23.924095126854333,Low,76.3,Good
1020,44.400000000000006,44.26533034060687,Medium,84.25,Good
1021,27.450000000000003,27.760306729816755,Medium,71.30000000000001,Good
1022,18.250000000000004,19.379741196858546,Low,76.8,Good
1023,15.75,15.907208709880004,Low,60.849999999999994,Fair
1024,15.35,14.893161849933792,Low,77.95,Good
1025,11.8,12.194198472913735,Low,72.00000000000001,Good
1026,17.950000000000003,17.793923859915783,Low,75.39999999999999,Good
1027,44.05,43.51339612098088,Medium,64.9,Fair
1028,31.45,31.24904845442989,Medium,88.4,Excellent
1029,15.2,15.072327451803082,Low,78.45,Good
1030,23.549999999999997,23.31417319911354,Low,78.64999999999999,Good
1031,31.450000000000003,31.176575802817656,Medium,75.5,Good
1032,35.2,35.101830020122534,Medium,66.85,Fair
1033,22.0,21.814903023267366,Low,77.9,Good
1034,22.1,22.06150033061116,Low,69.04999999999998,Fair
1035,34.05,33.44370174948893,Medium,76.55000000000001,Good
1036,19.45,19.44817905305715,Low,86.9,Excellent
1037,32.3,31.538716517855345,Medium,75.85,Good
1038,14.450000000000001,14.068200806923532,Low,68.2,Fair
1039,36.7,36.78186284493509,Medium,77.55000000000001,Good
1040,24.2,24.587438184069377,Low,83.3,Good
1041,11.149999999999999,11.453656778678404,Low,72.9,Good
1042,33.35,33.22644541654353,Medium,78.45,Good
1043,51.150000000000006,50.75615718319842,High,69.55,Fair
1044,15.2,15.252235367763623,Low,80.15,Good
1045,42.800000000000004,42.39220984550867,Medium,71.39999999999999,Good
1046,38.349999999999994,37.96735107391329,Medium,70.9,Good
1047,17.15,17.04357063643073,Low,62.55,Fair
1048,23.8,23.80590829651325,Low,84.74999999999999,Good
1049,32.45,32.62038233196672,Medium,59.050000000000004,Fair
1050,29.15,30.770876111962433,Medium,62.849999999999994,Fair
1051,15.099999999999998,15.047634297044244,Low,77.35000000000001,Good
1052,20.2,20.885291591819993,Low,73.25,Good
1053,40.3,41.48213087724264,Medium,75.1,Good
1054,32.349999999999994,32.284738893254705,Medium,82.95,Good
1055,22.450000000000003,22.023710149455766,Low,68.65,Fair
1056,42.650000000000006,42.740839705411894,Medium,61.199999999999996,Fair
1057,26.849999999999998,26.50574409976513,Medium,66.35,Fair
1058,26.4,26.27069643336627,Medium,76.44999999999999,Good
1059,46.9,46.52551818797436,Medium,83.0,Good
1060,37.400000000000006,37.27339191939415,Medium,69.9,Fair
1061,21.299999999999997,21.417109436027598,Low,67.85,Fair
1062,32.3,32.465853358775995,Medium,67.3,Fair
1063,22.549999999999997,23.595896570861132,Low,64.7,Fair
1064,32.25,32.33658804548237,Medium,67.9,Fair
1065,22.2,22.21734785597661,Low,70.55,Good
1066,17.249999999999996,17.28575693891381,Low,80.35000000000001,Good
1067,27.15,27.643771989322357,Medium,56.50000000000001,Fair
1068,23.35,23.309620878103033,Low,64.2,Fair
1069,19.549999999999997,19.532255368023126,Low,73.35000000000001,Good
1070,28.65,28.611794322127636,Medium,83.4,Good
1071,13.2,13.152142667473406,Low,66.9,Fair
1072,28.6,28.349187412892366,Medium,57.74999999999999,Fair
1073,21.25,21.456974767981677,Low,67.2,Fair
1074,21.0,20.93298187457277,Low,86.35000000000002,Excellent
1075,23.25,23.0397667770277,Low,96.65,Excellent
1076,31.0,30.87311883525832,Medium,79.69999999999999,Good
1077,51.0,51.24347828865311,High,77.25,Good
1078,28.5,28.732187475360895,Medium,65.2,Fair
1079,47.099999999999994,46.87787571351931,Medium,79.05,Good
1080,28.4,28.262346590566484,Medium,65.49999999999999,Fair
1081,29.15,29.366596082847146,Medium,61.74999999999999,Fair
1082,30.4,30.177229891679957,Medium,74.35,Good
1083,30.250000000000004,30.278199298687767,Medium,80.45,Good
1084,31.15,31.989494010426416,Medium,53.1,Fair
1085,8.350000000000001,8.199056469409985,Low,84.89999999999999,Good
1086,18.3,17.821122045023333,Low,69.15,Fair
1087,16.75,16.60933970990461,Low,69.9,Fair
1088,22.25,22.68676609115042,Low,57.60000000000001,Fair
1089,24.15,24.590445392827032,Low,63.949999999999996,Fair
1090,27.6,27.26177097953805,Medium,69.1,Fair
1091,38.45,38.55130821539211,Medium,71.89999999999999,Good
1092,32.849999999999994,33.28860572630232,Medium,79.8,Good
1093,21.25,21.411127227456355,Low,76.75,Good
1094,41.0,40.63282050585167,Medium,63.25000000000001,Fair
1095,31.000000000000004,30.9593626418349,Medium,66.14999999999999,Fair
1096,15.75,15.50764170781087,Low,71.2,Good
1097,28.950000000000003,29.222234529182973,Medium,84.69999999999999,Good
1098,33.300000000000004,33.40015756953336,Medium,65.75,Fair
1099,23.45,23.125692823026945,Low,65.34999999999998,Fair
1100,38.5,38.62227844401427,Medium,63.3,Fair
1101,46.25,46.20260186366978,Medium,65.10000000000001,Fair
1102,30.0,30.25557056133137,Medium,79.10000000000001,Good
1103,25.8,25.781526576539733,Medium,77.5,Good
1104,21.85,21.709392551854474,Low,72.85000000000001,Good
1105,7.200000000000001,7.435947916517569,Low,57.199999999999996,Fair
1106,26.8,27.388165860836164,Medium,67.95,Fair
1107,15.449999999999998,15.403787752595425,Low,77.25000000000001,Good
1108,32.150000000000006,32.03323187418238,Medium,73.35000000000001,Good
1109,29.200000000000003,29.165316082917787,Medium,81.45,Good
1110,25.4,26.41043675553005,Medium,71.6,Good
1111,16.15,16.372838241828184,Low,71.74999999999999,Good
1112,25.95,25.828703688822785,Medium,60.150000000000006,Fair
1113,15.8,15.841345245860722,Low,84.4,Good
1114,34.75,34.77715774315408,Medium,65.60000000000001,Fair
1115,25.8,26.256970201721842,Medium,87.99999999999999,Excellent
1116,21.1,21.226997276157295,Low,73.25,Good
1117,10.250000000000004,10.383220566551328,Low,67.69999999999999,Fair
1118,34.0,33.83728616137407,Medium,88.10000000000001,Excellent
1119,38.95,38.982629673359014,Medium,83.80000000000001,Good
1120,47.1,47.22476406420683,Medium,75.14999999999999,Good
1121,19.200000000000003,19.859887944242047,Low,64.95,Fair
1122,26.1,26.071224733166623,Medium,85.85000000000001,Excellent
1123,24.7,25.18969376868753,Low,72.2,Good
1124,28.700000000000003,30.263925647242328,Medium,79.5,Good
1125,25.150000000000002,25.08941710631869,Medium,84.95,Good
1126,40.45,40.645055717749024,Medium,64.69999999999999,Fair
1127,20.25,19.641081236717106,Low,69.75,Fair
1128,21.35,21.346152203348417,Low,58.14999999999999,Fair
1129,21.25,21.584867198431667,Low,63.150000000000006,Fair
1130,23.25,23.349576062012666,Low,75.1,Good
1131,26.65,26.810015933633814,Medium,91.9,Excellent
1132,12.850000000000001,12.964558944555819,Low,63.5,Fair
1133,38.25,37.96264371706472,Medium,86.39999999999999,Excellent
1134,25.700000000000003,25.70997431398697,Medium,72.15,Good
1135,34.45,34.00204258417935,Medium,78.55,Good
1136,36.400000000000006,36.31856232835386,Medium,82.15,Good
1137,6.65,6.709563559191914,Low,80.19999999999999,Good
1138,32.75,32.57172552187327,Medium,79.5,Good
1139,33.3,33.266173507780444,Medium,77.4,Good
1140,13.1,12.736807077596083,Low,73.15,Good
1141,45.8,45.795492884471635,Medium,73.5,Good
1142,45.15,45.336134942189226,Medium,72.35000000000001,Good
1143,29.3,30.02818702493861,Medium,76.44999999999999,Good
1144,43.650000000000006,42.84751305133422,Medium,66.3,Fair
1145,29.400000000000006,29.30398671458827,Medium,78.95,Good
1146,41.650000000000006,42.053866074632595,Medium,71.9,Good
1147,36.65,36.76299548386389,Medium,67.6,Fair
1148,36.05,35.761649682736476,Medium,74.75,Good
1149,46.45,46.54833320575548,Medium,76.15,Good
1150,9.649999999999999,9.747230504244571,Low,76.64999999999999,Good
1151,5.3999999999999995,5.526355541233473,Low,70.05,Good
1152,33.75,33.660515840901084,Medium,72.2,Good
1153,25.9,26.415912288042666,Medium,68.8,Fair
1154,35.099999999999994,34.967125658831144,Medium,83.7,Good
1155,22.2,22.74063606297578,Low,62.05,Fair
1156,22.349999999999998,22.828151024807493,Low,71.74999999999999,Good
1157,28.700000000000003,28.76889986960606,Medium,58.099999999999994,Fair
1158,17.75,17.775091146578617,Low,77.25000000000001,Good
1159,30.45,30.420150372056437,Medium,89.1,Excellent
1160,40.8,41.25686175698566,Medium,86.45,Excellent
1161,19.0,19.051551528893004,Low,81.05,Good
1162,30.55,30.73878241277731,Medium,75.75,Good
1163,32.45,32.13228221960046,Medium,58.9,Fair
1164,32.9,32.7410517734169,Medium,78.0,Good
1165,25.15,24.598156004576133,Medium,72.7,Good
1166,6.45,6.411119046288891,Low,79.39999999999999,Good
1167,28.0,28.090564629143877,Medium,58.099999999999994,Fair
1168,33.6,33.57639932526435,Medium,81.4,Good
1169,24.299999999999997,24.725750542033992,Low,87.0,Excellent
1170,40.95,40.796565391523245,Medium,84.75,Good
1171,26.550000000000004,26.577719674976105,Medium,80.89999999999999,Good
1172,25.7,25.370993909008646,Medium,71.55,Good
1173,26.849999999999998,26.138100559288358,Medium,72.45,Good
1174,28.15,28.145233105968057,Medium,72.7,Good
1175,31.799999999999997,31.95343359531518,Medium,82.75,Good
1176,40.55,40.31303310440408,Medium,71.10000000000001,Good
1177,40.35,39.45760403798091,Medium,80.65,Good
1178,33.0,33.335489203389315,Medium,70.25,Good
1179,29.049999999999997,28.491205569219886,Medium,62.449999999999996,Fair
1180,18.55,18.740250664989254,Low,86.15,Excellent
1181,27.8,27.480608694189712,Medium,72.6,Good
1182,27.450000000000003,27.52937992146697,Medium,74.0,Good
1183,26.849999999999998,26.12376475562928,Medium,72.1,Good
1184,30.049999999999997,30.078106654568213,Medium,84.6,Good
1185,38.15,38.19062610228114,Medium,78.35000000000001,Good
1186,32.3,32.68751470991887,Medium,68.0,Fair
1187,26.55,26.105061535243404,Medium,66.05,Fair
1188,10.900000000000002,10.968130643721532,Low,64.45,Fair
1189,30.95,31.39159663067884,Medium,72.9,Good
1190,23.55,23.8427755960016,Low,61.14999999999999,Fair
1191,21.0,20.695126151551378,Low,57.3,Fair
1192,28.049999999999997,27.545470016818008,Medium,68.5,Fair
1193,30.300000000000004,30.82234975844875,Medium,69.0,Fair
1194,27.15,27.103595887301022,Medium,82.05,Good
1195,36.95,36.875074027721936,Medium,84.5,Good
1196,34.4,34.744233194823046,Medium,62.949999999999996,Fair
1197,43.5,43.22487970897946,Medium,70.95,Good
1198,40.75,40.6186284318812,Medium,68.85,Fair
1199,26.1,25.909266878172517,Medium,82.15,Good
1200,30.049999999999997,29.978989777169776,Medium,60.399999999999984,Fair
1201,34.5,33.75481099658035,Medium,78.25,Good
1202,24.650000000000002,24.806075915189332,Low,80.1,Good
1203,40.85,40.89887960937019,Medium,61.5,Fair
1204,31.05,31.284031931376454,Medium,64.85000000000001,Fair
1205,26.1,26.18700466444892,Medium,81.74999999999999,Good
1206,19.9,19.72548512463098,Low,76.4,Good
1207,33.5,33.47524683475528,Medium,91.35,Excellent
1208,34.75,33.86353820961538,Medium,66.05,Fair
1209,23.5,23.820872755005514,Low,76.00000000000001,Good
1210,37.849999999999994,37.57285817561308,Medium,87.35,Excellent
1211,52.75,52.51723507327925,High,64.85000000000001,Fair
1212,28.8,28.462875648296404,Medium,87.3,Excellent
1213,26.400000000000002,26.987103860171178,Medium,72.74999999999999,Good
1214,32.6,32.70432259098403,Medium,67.65,Fair
1215,38.55,38.72590021603809,Medium,79.75,Good
1216,20.1,21.378708888940274,Low,94.80000000000001,Excellent
1217,27.95,28.12151815694911,Medium,83.35000000000001,Good
1218,25.6,25.567102491491845,Medium,86.95,Excellent
1219,39.75,39.72627163754002,Medium,65.64999999999999,Fair
1220,25.4,25.762246131918413,Medium,75.15,Good
1221,20.95,21.1240645498628,Low,81.1,Good
1222,29.1,29.1909519870502,Medium,79.55,Good
1223,20.099999999999998,20.133318750494254,Low,77.55,Good
1224,14.000000000000002,14.251252934528932,Low,74.14999999999999,Good
1225,23.5,23.765164658842654,Low,69.65,Fair
1226,49.05,48.955544280866626,Medium,82.85,Good
1227,29.65,28.853268244738793,Medium,79.95,Good
1228,11.65,11.658721483461994,Low,70.7,Good
1229,18.1,18.186688709683178,Low,77.05,Good
1230,19.85,19.08201554860227,Low,83.35000000000001,Good
1231,30.15,30.1586311751804,Medium,88.25,Excellent
1232,33.35,33.70736111195998,Medium,78.5,Good
1233,31.049999999999997,30.85469322894486,Medium,71.2,Good
1234,10.049999999999999,10.204307501173904,Low,92.0,Excellent
1235,37.75,37.24655300830833,Medium,69.05000000000001,Fair
1236,28.1,28.450862666239278,Medium,81.60000000000001,Good
1237,41.85,41.589393437087885,Medium,64.1,Fair
1238,18.049999999999997,18.354163249560948,Low,72.8,Good
1239,25.55,26.3853184668186,Medium,62.0,Fair
1240,23.45,23.618937572209006,Low,77.45,Good
1241,19.9,19.82134609107677,Low,75.85000000000001,Good
1242,28.2,28.158342049469145,Medium,65.45,Fair
1243,36.75,36.80173570044961,Medium,68.75,Fair
1244,24.55,24.774219227125148,Low,79.5,Good
1245,27.650000000000006,28.032933798584192,Medium,71.74999999999999,Good
1246,24.4,24.610419890286167,Low,86.4,Excellent
1247,37.25,37.195496110604616,Medium,66.15,Fair
1248,32.449999999999996,32.33182661495907,Medium,69.55,Fair
1249,24.099999999999998,23.406566683855633,Low,76.0,Good
1250,24.5,24.10375241174007,Low,89.64999999999999,Excellent
1251,28.549999999999997,28.584130380703925,Medium,71.35000000000001,Good
1252,37.95,37.67853403745006,Medium,65.35,Fair
1253,6.700000000000001,6.851309438981955,Low,80.65,Good
1254,37.95,37.80666043210028,Medium,90.14999999999999,Excellent
1255,26.25,26.66900084055601,Medium,70.04999999999998,Good
1256,27.35,27.434326626203887,Medium,79.14999999999999,Good
1257,25.9,25.493120066128476,Medium,67.45,Fair
1258,38.05,38.500991630970596,Medium,70.7,Good
1259,28.15,28.062514836004567,Medium,77.0,Good
1260,15.099999999999998,15.181051266437782,Low,81.35,Good
1261,27.049999999999997,26.833116094013807,Medium,64.60000000000001,Fair
1262,18.85,19.010339599915728,Low,85.79999999999998,Excellent
1263,26.299999999999997,26.790828038242726,Medium,77.8,Good
1264,29.45,29.16295133225742,Medium,71.65,Good
1265,23.95,23.679800817732964,Low,66.6,Fair
1266,32.8,33.002760920586546,Medium,65.05,Fair
1267,29.25,28.852339118259128,Medium,75.25,Good
1268,40.95,40.72537986613487,Medium,91.95,Excellent
1269,26.7,26.45276068367516,Medium,75.20000000000002,Good
1270,22.549999999999997,23.100231242859593,Low,73.94999999999999,Good
1271,31.950000000000003,32.11270532481974,Medium,79.4,Good
1272,5.700000000000003,6.21374244768202,Low,81.75,Good
1273,38.650000000000006,39.48895745049871,Medium,76.3,Good
1274,30.1,28.321576377579923,Medium,80.35,Good
1275,27.6,27.21913627607509,Medium,73.5,Good
1276,39.050000000000004,39.0037128990237,Medium,72.9,Good
1277,42.9,43.059210421384144,Medium,85.9,Excellent
1278,32.199999999999996,32.10777383702693,Medium,75.1,Good
1279,21.25,21.339786096300422,Low,73.64999999999999,Good
1280,28.650000000000002,28.632859193655783,Medium,65.4,Fair
1281,33.75,33.70141838190029,Medium,79.95,Good
1282,36.35,36.31554814732336,Medium,71.2,Good
1283,25.799999999999997,25.98359135832631,Medium,66.35,Fair
1284,19.55,19.93584637577616,Low,88.65,Excellent
1285,30.6,30.879524685595463,Medium,68.1,Fair
1286,27.599999999999998,27.660596320476323,Medium,80.55,Good
1287,28.2,28.197412122061348,Medium,72.2,Good
1288,29.0,28.56157266601375,Medium,61.25000000000001,Fair
1289,31.65,31.538449346234657,Medium,73.2,Good
1290,21.450000000000003,21.91415511633209,Low,84.8,Good
1291,36.45,36.3383517632458,Medium,71.7,Good
1292,20.95,20.827624329964703,Low,73.94999999999999,Good
1293,41.25,41.42936036737087,Medium,75.49999999999999,Good
1294,19.7,19.20073751750673,Low,69.3,Fair
1295,28.35,27.748633162909535,Medium,80.65,Good
1296,35.05,34.63873965430216,Medium,74.05,Good
1297,35.55,35.77422526514092,Medium,83.0,Good
1298,35.2,35.672375158517696,Medium,57.49999999999999,Fair
1299,27.2,27.050375886072608,Medium,73.50000000000001,Good
1300,36.6,36.45523470611132,Medium,67.89999999999999,Fair
1301,16.7,16.62960153840134,Low,77.55,Good
1302,30.3,30.36560689537304,Medium,75.75,Good
1303,25.200000000000003,25.206863742355715,Medium,69.55,Fair
1304,18.249999999999996,18.07620986752136,Low,81.39999999999999,Good
1305,18.7,18.699838261328132,Low,78.5,Good
1306,25.200000000000003,25.407740508043826,Medium,77.15,Good
1307,24.0,24.072927898589917,Low,75.3,Good
1308,25.199999999999996,24.721656323936706,Medium,77.25000000000001,Good
1309,41.6,40.846591571705474,Medium,74.3,Good
1310,25.599999999999998,26.529796059278226,Medium,64.0,Fair
1311,28.799999999999997,29.000763590509038,Medium,83.55,Good
1312,33.6,33.82167393889267,Medium,52.800000000000004,Fair
1313,33.8,34.075155353855735,Medium,68.9,Fair
1314,37.300000000000004,36.925235856552895,Medium,65.10000000000001,Fair
1315,15.95,15.805707877114624,Low,76.69999999999999,Good
1316,25.200000000000003,25.206270479534965,Medium,68.89999999999999,Fair
1317,29.2,28.860342656095384,Medium,70.55,Good
1318,40.6,40.07239451784118,Medium,78.10000000000001,Good
1319,42.35,43.11458946450153,Medium,65.2,Fair
1320,48.0,47.94075704352927,Medium,61.6,Fair
1321,16.0,15.903319637917939,Low,86.25,Excellent
1322,41.25,41.07790824607523,Medium,67.69999999999999,Fair
1323,25.6,25.598041886187197,Medium,75.3,Good
1324,26.75,26.921302594027743,Medium,77.05000000000001,Good
1325,25.5,25.856737734637544,Medium,61.349999999999994,Fair
1326,34.7,35.556393280311724,Medium,67.65,Fair
1327,19.799999999999997,19.895329102383613,Low,81.85,Good
1328,25.0,25.11806696726129,Low,81.1,Good
1329,35.900000000000006,35.564487258507256,Medium,56.75,Fair
1330,20.5,20.36212216583344,Low,72.14999999999999,Good
1331,20.9,21.11520766980071,Low,73.8,Good
1332,26.75,26.720809585635003,Medium,83.85000000000001,Good
1333,11.1,11.256380539545997,Low,66.9,Fair
1334,27.05,26.898436995013274,Medium,67.5,Fair
1335,22.95,23.113352537975697,Low,63.19999999999999,Fair
1336,36.900000000000006,35.66034887194654,Medium,50.9,Fair
1337,36.050000000000004,35.942849710656525,Medium,60.699999999999996,Fair
1338,23.0,22.47384515418736,Low,81.65,Good
1339,26.9,27.370078437408292,Medium,74.35,Good
1340,36.150000000000006,35.92151510720652,Medium,84.3,Good
1341,33.5,33.684085594496054,Medium,79.39999999999999,Good
1342,26.950000000000003,26.9831146486209,Medium,81.35,Good
1343,35.6,35.25064785155366,Medium,82.65,Good
1344,23.9,24.37864862565667,Low,70.55,Good
1345,41.25,41.15371596369283,Medium,83.55,Good
1346,30.950000000000003,31.4740123115347,Medium,64.5,Fair
1347,4.300000000000001,4.17295015975334,Low,67.35,Fair
1348,39.25,40.72408016067631,Medium,55.55,Fair
1349,39.05,38.75057272910301,Medium,57.15,Fair
1350,15.6,15.444365538928215,Low,73.15,Good
1351,33.4,33.29880935677554,Medium,83.25,Good
1352,8.95,9.134122306862265,Low,78.25000000000001,Good
1353,46.35,46.054020793413905,Medium,61.6,Fair
1354,37.05,37.13142567431489,Medium,59.8,Fair
1355,17.25,17.340122738673845,Low,66.8,Fair
1356,39.15,38.928173153333184,Medium,74.55,Good
1357,13.899999999999999,14.129562782964085,Low,68.55,Fair
1358,26.5,25.7442447425749,Medium,80.85,Good
1359,16.799999999999997,16.25209909991606,Low,75.5,Good
1360,35.25,35.368174725140754,Medium,57.85,Fair
1361,43.650000000000006,43.1928273265384,Medium,73.5,Good
1362,32.35,33.22800715184884,Medium,67.0,Fair
1363,29.35,29.23781344424032,Medium,87.75,Excellent
1364,22.950000000000003,23.26838533387634,Low,76.45,Good
1365,25.449999999999996,25.505258100617176,Medium,82.74999999999999,Good
1366,31.0,31.259463333497667,Medium,78.35000000000001,Good
1367,32.65,32.82287263077195,Medium,73.35000000000001,Good
1368,18.400000000000002,18.905784619338885,Low,76.9,Good
1369,42.15,41.9544000733098,Medium,54.2,Fair
1370,40.2,40.66215448698864,Medium,68.64999999999999,Fair
1371,12.65,12.392253040380876,Low,65.35000000000001,Fair
1372,29.299999999999997,28.66101657540294,Medium,85.55,Excellent
1373,24.2,23.889082926937952,Low,73.44999999999999,Good
1374,17.25,16.66192162831997,Low,75.4,Good
1375,44.300000000000004,44.41154386666433,Medium,84.39999999999999,Good
1376,29.15,29.48779644843839,Medium,87.99999999999999,Excellent
1377,24.4,24.243908764191353,Low,81.65,Good
1378,31.35,30.881289415891903,Medium,72.30000000000001,Good
1379,29.299999999999997,28.95733093516944,Medium,71.1,Good
1380,37.55,37.997653398213444,Medium,67.95,Fair
1381,17.049999999999997,16.54373271745651,Low,77.64999999999999,Good
1382,28.8,28.79623144353332,Medium,68.9,Fair
1383,12.600000000000001,12.837253804503318,Low,90.25000000000001,Excellent
1384,48.75,48.76035198901323,Medium,95.6,Excellent
1385,13.45,13.515930671085336,Low,63.4,Fair
1386,33.7,33.46615591847602,Medium,89.75,Excellent
1387,25.6,26.331098160344247,Medium,57.199999999999996,Fair
1388,23.650000000000002,23.53809592410631,Low,79.85,Good
1389,6.250000000000002,5.927067000586663,Low,71.05,Good
1390,52.95,52.8218239042658,High,54.449999999999996,Fair
1391,25.6,26.4191955734564,Medium,78.4,Good
1392,20.45,20.6397274575586,Low,75.55,Good
1393,13.8,13.92453272058191,Low,80.35,Good
1394,26.2,26.54791487721249,Medium,75.85,Good
1395,30.5,29.816406964205346,Medium,75.69999999999999,Good
1396,20.950000000000003,20.879696487969483,Low,74.1,Good
1397,24.450000000000003,24.81506144048405,Low,78.14999999999999,Good
1398,14.299999999999999,14.01737998442591,Low,62.64999999999999,Fair
1399,28.35,29.105074343582952,Medium,62.849999999999994,Fair
1400,26.400000000000002,26.286723735474666,Medium,53.75,Fair
1401,34.6,34.30239149726402,Medium,72.25,Good
1402,26.05,25.90457299667283,Medium,76.6,Good
1403,28.450000000000003,29.13168667461336,Medium,84.9,Good
1404,16.05,15.999289866903975,Low,74.3,Good
1405,24.75,24.890051208068346,Low,77.25,Good
1406,34.0,34.51774392210666,Medium,67.89999999999999,Fair
1407,14.600000000000001,14.620226751120619,Low,88.44999999999999,Excellent
1408,27.15,26.82073787373261,Medium,77.89999999999999,Good
1409,18.45,18.337490133784808,Low,62.650000000000006,Fair
1410,53.0,52.94340685841315,High,77.45,Good
1411,39.5,39.45833599727871,Medium,74.0,Good
1412,50.2,47.03224449547534,High,66.64999999999999,Fair
1413,19.650000000000002,20.090051752458617,Low,55.05,Fair
1414,25.5,25.650639969593207,Medium,79.5,Good
1415,21.9,22.279256641116994,Low,89.35,Excellent
1416,30.299999999999997,29.631894052573987,Medium,70.7,Good
1417,34.6,34.57393869086337,Medium,75.64999999999999,Good
1418,41.8,42.44090903608695,Medium,66.85,Fair
1419,26.75,26.60153678897746,Medium,84.9,Good
1420,30.6,30.812925791399447,Medium,78.5,Good
1421,45.25,44.19991601197185,Medium,78.69999999999999,Good
1422,8.749999999999998,8.878925005601538,Low,67.1,Fair
1423,32.2,32.20011636860081,Medium,56.75,Fair
1424,35.8,34.883082009750474,Medium,73.95,Good
1425,17.95,18.454589095584804,Low,74.60000000000001,Good
1426,31.799999999999997,31.62218807521047,Medium,83.8,Good
1427,15.750000000000002,15.222126527870309,Low,73.85000000000001,Good
1428,24.5,24.782046292466486,Low,67.10000000000001,Fair
1429,17.25,17.241014321141726,Low,70.85000000000001,Good
1430,33.6,32.88425750735611,Medium,58.44999999999999,Fair
1431,30.75,30.6770827606963,Medium,77.95,Good
1432,10.899999999999999,10.716577326871967,Low,58.95,Fair
1433,51.0,51.63978158916742,High,86.44999999999999,Excellent
1434,28.4,28.517633435496492,Medium,59.699999999999996,Fair
1435,40.85,41.15890182095468,Medium,81.65,Good
1436,48.5,47.6039366700064,Medium,67.39999999999999,Fair
1437,34.0,33.88630487711113,Medium,63.7,Fair
1438,22.7,22.96382536993176,Low,80.10000000000001,Good
1439,43.95,44.34830917077076,Medium,81.15,Good
1440,30.4,30.35235372645495,Medium,76.25,Good
1441,20.799999999999997,20.850713439900527,Low,88.05000000000001,Excellent
1442,19.8,19.19120180784257,Low,61.75000000000001,Fair
1443,29.2,29.20663397390177,Medium,60.0,Fair
1444,19.5,19.578736201331353,Low,73.35000000000001,Good
1445,29.45,29.868255758518643,Medium,61.199999999999996,Fair
1446,37.95,37.862273669052094,Medium,86.05,Excellent
1447,17.4,17.183556898182417,Low,66.05000000000001,Fair
1448,24.35,23.667848216199356,Low,85.7,Excellent
1449,40.65,40.37235965889339,Medium,70.0,Fair
1450,23.6,22.861924742870148,Low,83.10000000000001,Good
1451,37.65,37.57255037348317,Medium,61.150000000000006,Fair
1452,43.0,42.21466189345625,Medium,70.7,Good
1453,33.05,32.645142663528446,Medium,67.1,Fair
1454,18.500000000000004,20.457007790411005,Low,65.7,Fair
1455,31.950000000000003,31.76410560039093,Medium,61.499999999999986,Fair
1456,17.6,18.00467564443678,Low,78.4,Good
1457,22.7,22.7794364964748,Low,83.25,Good
1458,33.7,33.48818522650094,Medium,81.04999999999998,Good
1459,26.9,27.440161507387035,Medium,68.35,Fair
1460,17.8,18.12329063009015,Low,77.6,Good
1461,17.099999999999998,16.64008989127922,Low,73.89999999999999,Good
1462,33.05,32.849746879919955,Medium,84.65,Good
1463,27.55,26.47010317466229,Medium,62.449999999999996,Fair
1464,43.85,42.63845431901898,Medium,78.6,Good
1465,24.349999999999998,24.42511056949246,Low,82.80000000000001,Good
1466,31.15,31.259410241162165,Medium,79.05,Good
1467,24.9,25.742697517186706,Low,77.7,Good
1468,18.95,18.460906686250407,Low,87.05,Excellent
1469,43.5,43.878585708789856,Medium,63.800000000000004,Fair
1470,14.7,14.878360457438674,Low,61.0,Fair
1471,41.7,41.74571212697387,Medium,75.05000000000001,Good
1472,33.0,32.75147883281226,Medium,78.05,Good
1473,15.9,16.19762725447073,Low,78.89999999999999,Good
1474,37.400000000000006,36.80776698578089,Medium,70.45,Good
1475,34.550000000000004,34.48768976018396,Medium,82.7,Good
1476,35.15,33.753397341343664,Medium,84.95,Good
1477,15.65,15.66363884076579,Low,81.2,Good
1478,21.650000000000002,21.77280126471712,Low,90.75000000000001,Excellent
1479,27.4,27.31564300740025,Medium,66.64999999999999,Fair
1480,32.3,32.310302297062734,Medium,80.35,Good
1481,42.95,43.24531797844707,Medium,82.35000000000001,Good
1482,24.7,24.685469632299775,Low,69.6,Fair
1483,32.95,33.19016887307624,Medium,84.2,Good
1484,28.299999999999997,28.481479440769835,Medium,83.95000000000002,Good
1485,29.400000000000002,29.48529555665584,Medium,65.64999999999999,Fair
1486,29.700000000000003,29.61277642523272,Medium,79.15,Good
1487,39.75,39.47482360115394,Medium,70.8,Good
1488,5.950000000000001,5.536080295285737,Low,56.00000000000001,Fair
1489,24.15,24.085143748661892,Low,87.4,Excellent
1490,41.4,41.41191274537598,Medium,71.35000000000001,Good
1491,36.75,35.770613056565786,Medium,81.8,Good
1492,14.1,14.110399946349698,Low,79.2,Good
1493,35.9,33.46482539217448,Medium,60.199999999999996,Fair
1494,36.8,36.645437506910234,Medium,76.00000000000001,Good
1495,18.3,18.399644708096364,Low,77.3,Good
1496,28.55,28.549303743829192,Medium,67.0,Fair
1497,3.650000000000002,4.509521572423734,Low,85.85000000000001,Excellent
1498,24.699999999999996,25.112326490010535,Low,68.44999999999999,Fair
1499,43.3,43.71437368953489,Medium,73.95,Good
1500,41.1,41.11684094323207,Medium,71.8,Good
1501,26.05,25.80086822246748,Medium,69.95,Fair
1502,17.0,17.393242233782598,Low,74.6,Good
1503,32.65,32.897243242481544,Medium,64.85000000000001,Fair
1504,27.6,27.449889063052602,Medium,75.99999999999999,Good
1505,29.55,29.171823943419373,Medium,69.54999999999998,Fair
1506,48.25,48.42002994064007,Medium,74.05000000000001,Good
1507,26.0,26.188734347962832,Medium,89.14999999999999,Excellent
1508,29.2,28.8051419053624,Medium,88.5,Excellent
1509,28.0,28.211058665542463,Medium,65.05000000000001,Fair
1510,18.8,18.74766675585397,Low,78.35,Good
1511,35.15,34.896691716314756,Medium,74.6,Good
1512,23.549999999999997,24.228709313738495,Low,75.15,Good
1513,36.5,36.88809706193681,Medium,81.25,Good
1514,21.700000000000003,22.10027962729132,Low,76.65,Good
1515,7.9,7.729758536763017,Low,77.85,Good
1516,13.799999999999999,13.844744609063056,Low,74.4,Good
1517,31.299999999999997,31.018848908043296,Medium,67.5,Fair
1518,19.950000000000003,20.019691157347488,Low,86.8,Excellent
1519,25.05,25.447622797635354,Medium,69.5,Fair
1520,23.75,23.913939581061825,Low,58.9,Fair
1521,17.400000000000002,16.354313349102842,Low,73.49999999999999,Good
1522,42.9,43.473792965526954,Medium,76.8,Good
1523,36.099999999999994,36.42895580849712,Medium,69.25000000000001,Fair
1524,22.75,22.733722993694304,Low,88.35,Excellent
1525,25.6,25.86735534190383,Medium,77.6,Good
1526,32.2,32.567533935942855,Medium,57.99999999999999,Fair
1527,24.6,24.3959366173978,Low,60.74999999999999,Fair
1528,21.700000000000003,21.568629557540575,Low,71.00000000000001,Good
1529,32.65,33.16849294660551,Medium,63.150000000000006,Fair
1530,47.05,46.95445369353784,Medium,83.3,Good
1531,14.3,13.667350283612931,Low,73.0,Good
1532,22.150000000000002,22.34296798421076,Low,70.8,Good
1533,48.900000000000006,48.713557947161895,Medium,73.6,Good
1534,19.4,19.504967679716952,Low,63.5,Fair
1535,34.7,34.67000895298151,Medium,70.05,Good
1536,49.75,49.87639546256,Medium,76.7,Good
1537,19.65,19.45807846479993,Low,60.699999999999996,Fair
1538,19.2,19.32348188405767,Low,82.8,Good
1539,35.7,36.70657211059066,Medium,73.35000000000001,Good
1540,21.95,23.372490911411457,Low,72.80000000000001,Good
1541,30.0,29.378175540090446,Medium,76.25,Good
1542,25.65,25.531960222266093,Medium,56.95,Fair
1543,40.65,40.600083155624795,Medium,76.0,Good
1544,21.050000000000004,20.117155943241634,Low,70.5,Good
1545,39.6,39.86712210214455,Medium,69.55,Fair
1546,22.0,21.979181126632408,Low,72.2,Good
1547,24.75,26.101251543907452,Low,89.05,Excellent
1548,46.45,46.58872364175633,Medium,85.55,Excellent
1549,29.1,29.456594073683146,Medium,76.95,Good
1550,26.5,26.567759926441365,Medium,60.79999999999999,Fair
1551,38.05,38.37124304027687,Medium,65.19999999999999,Fair
1552,15.699999999999998,15.521712648508062,Low,81.69999999999999,Good
1553,31.95,32.17469343419168,Medium,60.650000000000006,Fair
1554,35.4,35.3810936124439,Medium,76.55000000000001,Good
1555,31.700000000000003,31.67573757041071,Medium,84.8,Good
1556,24.85,24.985488708286468,Low,82.15,Good
1557,15.950000000000001,16.414494243131088,Low,66.60000000000001,Fair
1558,20.8,20.491574802330813,Low,69.75,Fair
1559,9.4,9.30470890099124,Low,71.05000000000001,Good
1560,30.550000000000004,29.740700724331973,Medium,65.89999999999999,Fair
1561,23.349999999999998,23.3240902104767,Low,82.65,Good
1562,31.949999999999996,31.528229628557426,Medium,66.10000000000001,Fair
1563,44.85,44.547668146511064,Medium,75.8,Good
1564,21.099999999999998,21.541342605533348,Low,76.4,Good
1565,24.3,24.26145576710469,Low,69.19999999999999,Fair
1566,27.5,27.374210928751936,Medium,78.4,Good
1567,43.599999999999994,43.23697394210501,Medium,69.35,Fair
1568,21.400000000000002,21.29297726526934,Low,65.35,Fair
1569,35.35,35.027754651680425,Medium,65.7,Fair
1570,12.95,13.007469065672405,Low,72.50000000000001,Good
1571,17.1,16.638754961091898,Low,70.04999999999998,Good
1572,32.15,31.980671899906064,Medium,73.85,Good
1573,34.85,33.6885054067263,Medium,75.50000000000001,Good
1574,36.25,36.45712667420153,Medium,91.4,Excellent
1575,24.049999999999997,24.328477831451952,Low,80.95,Good
1576,30.25,30.64588825172741,Medium,83.9,Good
1577,26.2,26.35033327810247,Medium,63.7,Fair
1578,24.500000000000004,24.43145293170284,Low,66.69999999999999,Fair
1579,15.349999999999998,15.225617647618135,Low,78.25,Good
1580,16.05,15.869789991665572,Low,76.8,Good
1581,11.700000000000001,11.503487615138875,Low,83.3,Good
1582,27.4,27.561827737569537,Medium,81.95000000000002,Good
1583,23.3,23.08915041937952,Low,59.25,Fair
1584,28.150000000000002,28.161629507560296,Medium,96.00000000000001,Excellent
1585,35.1,35.87464786034269,Medium,68.95,Fair
1586,22.65,22.91378759436559,Low,83.15,Good
1587,28.7,28.84919622789005,Medium,65.64999999999999,Fair
1588,30.300000000000004,29.900034603803466,Medium,73.2,Good
1589,28.749999999999996,28.660567609871027,Medium,61.0,Fair
1590,11.950000000000003,12.065761147552996,Low,65.60000000000001,Fair
1591,3.9000000000000012,4.171901982921107,Low,79.10000000000001,Good
1592,30.05,30.26819861856698,Medium,62.75000000000001,Fair
1593,19.549999999999997,19.712626289078965,Low,66.35,Fair
1594,24.25,24.65000308281347,Low,61.150000000000006,Fair
1595,36.9,37.135848914940425,Medium,78.75000000000001,Good
1596,19.549999999999997,18.55642274746795,Low,78.55,Good
1597,15.950000000000001,15.751123525825832,Low,69.85000000000001,Fair
1598,33.35,33.31864661916168,Medium,66.60000000000001,Fair
1599,26.2,26.33600508571222,Medium,73.2,Good
1600,33.05,32.86749041073065,Medium,82.39999999999999,Good
1601,16.5,16.182153186424948,Low,72.45,Good
1602,32.0,31.548505700937536,Medium,76.55000000000001,Good
1603,29.75,29.667363773752225,Medium,64.9,Fair
1604,28.95,28.89985346755721,Medium,78.0,Good
1605,46.05,46.08761769227519,Medium,57.95,Fair
1606,43.75,43.6947620621325,Medium,68.30000000000001,Fair
1607,34.3,34.82351723542597,Medium,76.69999999999999,Good
1608,18.449999999999996,18.823434315940748,Low,81.30000000000001,Good
1609,44.3,44.70546396862281,Medium,78.45,Good
1610,34.3,34.02950738006207,Medium,73.8,Good
1611,9.7,10.718253793854466,Low,70.5,Good
1612,24.6,24.47704043959303,Low,73.55000000000001,Good
1613,23.5,23.576873814867586,Low,71.55,Good
1614,19.15,19.486095499697246,Low,54.7,Fair
1615,19.75,19.690276437283313,Low,84.05,Good
1616,27.699999999999996,28.120717222451695,Medium,73.05,Good
1617,24.0,24.044465910609944,Low,83.79999999999998,Good
1618,36.7,36.62688324807282,Medium,86.85000000000001,Excellent
1619,26.7,27.145265001566226,Medium,67.65,Fair
1620,28.1,28.126252465955776,Medium,79.45,Good
1621,39.85,39.830262527013865,Medium,73.1,Good
1622,34.0,33.89432915348187,Medium,78.14999999999999,Good
1623,47.45,47.387039262278435,Medium,72.5,Good
1624,25.700000000000003,26.707895164585004,Medium,67.05,Fair
1625,37.85,37.314685339010474,Medium,75.25,Good
1626,51.95,52.07770894044814,High,86.20000000000002,Excellent
1627,51.6,51.52832030802663,High,59.650000000000006,Fair
1628,42.449999999999996,42.22197761258922,Medium,59.85,Fair
1629,29.45,29.98274066257449,Medium,65.45,Fair
1630,38.65,38.61311298611632,Medium,58.4,Fair
1631,42.099999999999994,41.98716521407827,Medium,95.7,Excellent
1632,28.85,28.84601534228719,Medium,93.2,Excellent
1633,35.900000000000006,35.64260931399992,Medium,67.9,Fair
1634,26.7,26.978313332983745,Medium,72.80000000000001,Good
1635,28.45,29.177067499578694,Medium,81.25000000000001,Good
1636,31.45,31.485406572318166,Medium,80.45,Good
1637,23.05,21.849927666541365,Low,71.25,Good
1638,41.35000000000001,41.196194182542705,Medium,65.2,Fair
1639,32.05,32.162021709436814,Medium,64.3,Fair
1640,34.1,34.65432554789682,Medium,78.8,Good
1641,26.2,26.483188598888116,Medium,79.85,Good
1642,31.9,32.08971157128726,Medium,79.1,Good
1643,23.700000000000003,24.34909762232962,Low,78.64999999999999,Good
1644,29.25,29.187279105347542,Medium,67.30000000000001,Fair
1645,32.4,32.52970278972871,Medium,61.0,Fair
1646,13.75,13.5786240910863,Low,85.05,Excellent
1647,14.200000000000001,13.965363500040517,Low,85.3,Excellent
1648,34.699999999999996,35.066137472919905,Medium,71.0,Good
1649,40.75,40.488078090571676,Medium,67.15,Fair
1650,28.5,28.692978907182194,Medium,76.95,Good
1651,30.950000000000003,30.54083432330773,Medium,75.75,Good
1652,35.45,35.399530250265634,Medium,80.10000000000001,Good
1653,15.049999999999999,15.344484698709332,Low,78.10000000000001,Good
1654,34.95,34.852799630697525,Medium,74.64999999999999,Good
1655,36.6,36.61722227441232,Medium,66.8,Fair
1656,39.65,39.640033770219375,Medium,74.65,Good
1657,7.350000000000001,7.600595937194725,Low,73.25,Good
1658,23.65,23.230269673614853,Low,81.85,Good
1659,18.05,17.630208180960686,Low,73.05,Good
1660,17.9,18.063365368382865,Low,70.8,Good
1661,33.9,33.63182167221194,Medium,66.5,Fair
1662,19.05,19.91441683239058,Low,86.2,Excellent
1663,28.0,27.87483830076979,Medium,67.1,Fair
1664,26.75,26.730538912108354,Medium,93.75,Excellent
1665,17.950000000000003,17.58913655326339,Low,83.75000000000001,Good
1666,16.1,16.092691418156292,Low,77.99999999999999,Good
1667,27.25,27.243461416952425,Medium,82.54999999999998,Good
1668,24.2,23.887495966588627,Low,63.0,Fair
1669,23.700000000000003,23.34192909055916,Low,71.89999999999999,Good
1670,44.55,44.16410068344441,Medium,64.1,Fair
1671,42.85,42.858034901305274,Medium,75.2,Good
1672,18.450000000000003,17.996484498840406,Low,74.15,Good
1673,29.049999999999997,28.806239154398096,Medium,80.65,Good
1674,26.4,26.411659670886007,Medium,65.35,Fair
1675,11.000000000000002,11.070374733478188,Low,72.45,Good
1676,29.65,29.46613849982645,Medium,68.55,Fair
1677,39.3,39.376375062817615,Medium,70.55,Good
1678,17.95,17.857531064437214,Low,84.10000000000001,Good
1679,15.95,16.210472355468386,Low,69.45,Fair
1680,37.150000000000006,37.144030846675925,Medium,62.8,Fair
1681,50.95,50.67811555807903,High,70.45,Good
1682,40.5,40.10502062225984,Medium,90.45,Excellent
1683,20.950000000000003,20.66167104994354,Low,85.35000000000001,Excellent
1684,17.650000000000002,17.403127093129356,Low,86.8,Excellent
1685,27.35,27.62897833518823,Medium,80.60000000000001,Good
1686,18.000000000000004,18.21436005159214,Low,85.25,Excellent
1687,12.2,12.513658267554584,Low,65.99999999999999,Fair
1688,36.55,36.47599000809996,Medium,83.39999999999999,Good
1689,29.700000000000003,29.471829697657125,Medium,79.14999999999999,Good
1690,8.899999999999999,8.930874515223746,Low,72.85000000000001,Good
1691,31.8,31.69844925947283,Medium,61.4,Fair
1692,41.6,41.76684501661284,Medium,63.79999999999999,Fair
1693,33.25,33.61215420051672,Medium,75.25,Good
1694,14.65,14.782816601625159,Low,66.95,Fair
1695,16.3,16.559195399088907,Low,90.45,Excellent
1696,21.450000000000003,21.592181773702563,Low,88.05000000000001,Excellent
1697,17.25,17.058031566200704,Low,74.89999999999999,Good
1698,30.7,30.065756576140227,Medium,74.25,Good
1699,24.449999999999996,24.712092582733277,Low,89.35000000000001,Excellent
1700,26.65,26.439822452474218,Medium,63.849999999999994,Fair
1701,31.699999999999996,31.725699883425847,Medium,77.25,Good
1702,39.300000000000004,39.172082578615914,Medium,77.3,Good
1703,27.85,28.114413353566878,Medium,75.5,Good
1704,23.65,23.881675446391423,Low,54.89999999999999,Fair
1705,20.099999999999998,20.512184062058473,Low,79.85,Good
1706,41.6,41.574165033006096,Medium,75.35000000000001,Good
1707,13.799999999999999,13.579634742703602,Low,64.49999999999999,Fair
1708,42.85,42.58096211739338,Medium,70.94999999999999,Good
1709,22.900000000000002,22.728162515499,Low,64.99999999999999,Fair
1710,30.300000000000004,30.547109370285675,Medium,73.6,Good
1711,40.45,40.533228276610394,Medium,63.349999999999994,Fair
1712,40.9,40.631705955622316,Medium,63.95000000000001,Fair
1713,32.35,31.67394697214568,Medium,72.45,Good
1714,26.85,27.180866792024084,Medium,62.5,Fair
1715,38.3,38.20390346649534,Medium,73.89999999999999,Good
1716,40.1,39.43153671070771,Medium,66.19999999999999,Fair
1717,2.4500000000000015,3.9417822527311657,Low,61.74999999999999,Fair
1718,36.150000000000006,36.34268453881257,Medium,65.35,Fair
1719,43.8,42.79705660631021,Medium,76.1,Good
1720,36.85,35.53741394068235,Medium,82.65,Good
1721,20.650000000000002,21.050413371215278,Low,75.1,Good
1722,19.0,18.927421361206264,Low,62.949999999999996,Fair
1723,42.3,42.09206221077981,Medium,65.7,Fair
1724,7.35,6.6725916187185215,Low,75.10000000000001,Good
1725,23.950000000000003,24.24636349898724,Low,80.95,Good
1726,30.799999999999997,31.05724072382873,Medium,66.55,Fair
1727,33.25,32.606469132452084,Medium,78.39999999999999,Good
1728,41.9,41.865556498141764,Medium,73.35,Good
1729,27.95,28.065548979122227,Medium,72.4,Good
1730,28.799999999999997,28.734730192516736,Medium,68.85,Fair
1731,22.5,22.096150971197254,Low,80.55,Good
1732,31.099999999999998,31.217895111873425,Medium,68.75000000000001,Fair
1733,27.05,26.714808633828742,Medium,77.45,Good
1734,22.0,23.748297649267858,Low,82.7,Good
1735,33.05,32.952348328288835,Medium,82.65,Good
1736,34.2,34.16989823405456,Medium,80.89999999999999,Good
1737,24.15,23.073078744117378,Low,69.35000000000001,Fair
1738,39.400000000000006,39.48034589728846,Medium,74.05,Good
1739,31.150000000000002,31.85905394706345,Medium,80.75,Good
1740,21.549999999999997,22.482325237410937,Low,66.0,Fair
1741,31.6,31.241029544375213,Medium,73.15,Good
1742,32.400000000000006,31.020490937272097,Medium,83.2,Good
1743,15.3,15.038877011401452,Low,67.9,Fair
1744,20.949999999999996,20.84426679506315,Low,64.7,Fair
1745,24.699999999999996,24.456496485754787,Low,89.95,Excellent
1746,12.25,11.951324789853723,Low,90.55,Excellent
1747,24.65,24.255422646861085,Low,63.99999999999999,Fair
1748,34.55,34.242233334611605,Medium,67.1,Fair
1749,34.0,33.95392903064092,Medium,58.199999999999996,Fair
1750,46.05,45.97930648588873,Medium,64.25,Fair
1751,31.9,32.24960647381878,Medium,75.55,Good
1752,31.199999999999996,30.567616139435017,Medium,61.4,Fair
1753,30.95,31.145082302530398,Medium,70.6,Good
1754,19.75,19.38979208533908,Low,68.3,Fair
1755,30.900000000000002,31.288799185852596,Medium,74.4,Good
1756,18.35,18.60015378092574,Low,72.24999999999999,Good
1757,30.049999999999997,30.08231605109146,Medium,70.6,Good
1758,41.150000000000006,41.57963333862026,Medium,81.75,Good
1759,37.4,37.35043577511747,Medium,64.60000000000001,Fair
1760,36.849999999999994,36.84303420886978,Medium,74.75,Good
1761,39.15,38.87601127094913,Medium,62.949999999999996,Fair
1762,21.75,21.87216680969162,Low,74.4,Good
1763,26.65,26.40332548577942,Medium,58.050000000000004,Fair
1764,37.550000000000004,37.90587811589937,Medium,72.8,Good
1765,39.8,40.16414876532721,Medium,57.550000000000004,Fair
1766,8.250000000000004,9.876621089320954,Low,76.05,Good
1767,34.800000000000004,34.8888216736253,Medium,74.7,Good
1768,23.050000000000004,23.093030279666237,Low,67.55,Fair
1769,9.599999999999998,9.552816956954597,Low,83.1,Good
1770,34.1,33.8203838254861,Medium,69.10000000000001,Fair
1771,24.7,24.82279651467304,Low,52.7,Fair
1772,21.25,21.40435308299801,Low,74.6,Good
1773,32.8,32.63047810013498,Medium,81.95,Good
1774,21.75,21.824678768166976,Low,72.8,Good
1775,23.6,23.428411933431732,Low,65.45,Fair
1776,37.7,37.34490678152697,Medium,77.85,Good
1777,18.599999999999998,17.42091585392081,Low,71.60000000000001,Good
1778,38.65,38.25270416098686,Medium,64.25,Fair
1779,43.0,43.13117900405522,Medium,73.85000000000001,Good
1780,37.45,37.50398479008234,Medium,69.2,Fair
1781,33.900000000000006,34.76479979939035,Medium,68.89999999999999,Fair
1782,39.0,39.0975805955673,Medium,68.05,Fair
1783,20.5,20.99925623938302,Low,67.2,Fair
1784,29.0,29.013258907438022,Medium,79.7,Good
1785,38.0,38.04098727293662,Medium,76.1,Good
1786,37.050000000000004,37.944608804117586,Medium,73.25,Good
1787,30.549999999999997,30.44625471677878,Medium,87.6,Excellent
1788,39.5,39.78778731787309,Medium,74.75,Good
1789,36.7,37.367509353430364,Medium,81.89999999999999,Good
1790,10.55,10.271417702421731,Low,72.24999999999999,Good
1791,34.35,34.639871629185365,Medium,76.29999999999998,Good
1792,27.05,26.581453638194127,Medium,74.3,Good
1793,24.5,24.48560622927583,Low,85.4,Excellent
1794,36.4,36.90775174772575,Medium,61.199999999999996,Fair
1795,34.0,33.74918098758965,Medium,78.05,Good
1796,12.899999999999999,12.87785353157401,Low,65.9,Fair
1797,36.25,35.94297368465898,Medium,74.0,Good
1798,28.700000000000003,29.211042096761,Medium,70.04999999999998,Good
1799,44.4,43.997871615040914,Medium,63.949999999999996,Fair
